[Licensing::Module] Trying to connect to existing licensing client channel...
Built from '6000.5/staging' branch; Version is '6000.5.0f1 (88b47c5e7076) revision 8959100'; Using compiler version '194234433'; Build Type 'Release'
[Licensing::IpcConnector] Channel LicenseClient-Reegon doesn't exist
OS: 'Windows 11  (10.0.26200) Enterprise' Language: 'zh' Physical Memory: 32581 MB
BatchMode: 1, IsHumanControllingUs: 0, StartBugReporterOnCrash: 0, Is64bit: 1
System  architecture: x64
Process architecture: x64
Date: 2026-09-06T14:55:18Z
[Licensing::Module] Successfully launched the LicensingClient (PId: 34584)

COMMAND LINE ARGUMENTS:
C:\Program Files\Unity\Hub\Editor\6000.5.0f1\Editor\Unity.exe
-batchmode
-quit
-projectPath
.
-logFile
unity-smoke.log
Successfully changed project path to: C:/Users/Reegon/Documents/TsukiVox_Unity
C:/Users/Reegon/Documents/TsukiVox_Unity
[UnityMemory] Configuration Parameters - Can be set up in boot.config
    "memorysetup-temp-allocator-size-gi-baking-worker=262144"
    "memorysetup-temp-allocator-size-gi-baking-worker=262144"
    "memorysetup-temp-allocator-size-gi-baking-worker=262144"
    "memorysetup-temp-allocator-size-gi-baking-worker=262144"
    "memorysetup-temp-allocator-size-gi-baking-worker=262144"
    "memorysetup-temp-allocator-size-nav-mesh-worker=65536"
    "memorysetup-temp-allocator-size-audio-worker=65536"
    "memorysetup-temp-allocator-size-cloud-worker=32768"
    "memorysetup-temp-allocator-size-gfx=262144"
    "memorysetup-temp-allocator-size-preload-manager=33554432"
    "memorysetup-allocator-temp-initial-block-size-main=262144"
    "memorysetup-allocator-temp-initial-block-size-worker=262144"
    "memorysetup-temp-allocator-size-job-worker=262144"
    "memorysetup-temp-allocator-size-background-worker=32768"
    "memorysetup-bucket-allocator-granularity=16"
    "memorysetup-bucket-allocator-bucket-count=8"
    "memorysetup-bucket-allocator-block-size=33554432"
    "memorysetup-bucket-allocator-block-count=8"
    "memorysetup-main-allocator-block-size=16777216"
    "memorysetup-thread-allocator-block-size=16777216"
    "memorysetup-main-allocator-mimalloc-enabled=0"
    "memorysetup-gfx-main-allocator-block-size=16777216"
    "memorysetup-gfx-thread-allocator-block-size=16777216"
    "memorysetup-cache-allocator-block-size=4194304"
    "memorysetup-typetree-allocator-block-size=2097152"
    "memorysetup-profiler-bucket-allocator-granularity=16"
    "memorysetup-profiler-bucket-allocator-bucket-count=8"
    "memorysetup-profiler-bucket-allocator-block-size=33554432"
    "memorysetup-profiler-bucket-allocator-block-count=8"
    "memorysetup-profiler-allocator-block-size=16777216"
    "memorysetup-profiler-editor-allocator-block-size=1048576"
    "memorysetup-temp-allocator-size-main=16777216"
    "memorysetup-job-temp-allocator-block-size=2097152"
    "memorysetup-job-temp-allocator-block-size-background=1048576"
    "memorysetup-job-temp-allocator-reduction-small-platforms=262144"
Logging is directed to a specific file, skipping project log.Player connection [32300]  Target information:

Player connection [32300]  * "[IP] 192.168.50.191 [Port] 55504 [Flags] 2 [Guid] 117419641 [EditorId] 117419641 [Version] 1048832 [Id] WindowsEditor(7,DESKTOP-PDF79KA) [Debug] 1 [PackageName] WindowsEditor [ProjectName] Editor" 

Player connection [32300]  * "[IP] 172.24.96.1 [Port] 55504 [Flags] 2 [Guid] 117419641 [EditorId] 117419641 [Version] 1048832 [Id] WindowsEditor(7,DESKTOP-PDF79KA) [Debug] 1 [PackageName] WindowsEditor [ProjectName] Editor" 

Player connection [32300]  * "[IP] 198.18.0.1 [Port] 55504 [Flags] 2 [Guid] 117419641 [EditorId] 117419641 [Version] 1048832 [Id] WindowsEditor(7,DESKTOP-PDF79KA) [Debug] 1 [PackageName] WindowsEditor [ProjectName] Editor" 

Player connection [32300] Host joined multi-casting on [225.0.0.222:54997]...
Player connection [32300] Host joined alternative multi-casting on [225.0.0.222:34997]...
Input System module state changed to: Initialized.
[Physics::Module] Initialized fallback backend.
[Physics::Module] Id: 0xdecafbad
[Licensing::IpcConnector] Successfully connected to: "LicenseClient-Reegon" at "2026-09-06T14:55:18.8472962Z"
[Licensing::Client] Code 10 while verifying Licensing Client signature (process Id: 34584, path: "C:/Program Files/Unity/Hub/Editor/6000.5.0f1/Editor/Data/Resources/Licensing/Client/Unity.Licensing.Client.exe")
[Licensing::Module] LicensingClient has failed validation; ignoring
[Package Manager] Connected to IPC stream "Upm-43872" after 0.3 seconds.
[Licensing::Module] Licensing is not yet initialized.
[Licensing::Client] Handshaking with LicensingClient:
  Version:                 1.18.1+9fbee8e
  Session Id:              028f8221d8cd48a9b120cb1672624859
  Correlation Id:          85aa6d5dd59eb29dbd1a0ebeef1e8eec
  External correlation Id: 2966864059698992182
  Machine Id:              ZUnde9LtsfDmCLanhbg2aFOlAic=
[Licensing::Module] Successfully connected to LicensingClient on channel: "LicenseClient-Reegon" (connect: 0.37s, validation: 0.22s, handshake: 0.04s)
[Licensing::IpcConnector] Successfully connected to: "LicenseClient-Reegon-notifications" at "2026-09-06T14:55:19.1151178Z"
[Licensing::Module] Connected to LicensingClient (PId: 34584, launch time: 0.01, total connection time: 0.64s)
[Licensing::Module] Error: Access token is unavailable; failed to update
[Licensing::Client] Successfully resolved entitlement details
[Licensing::Module] License group:
  Id: 18968450639891-UnityPersXXXX
  Product: Unity Personal
  Type: Assigned
  Expiration: Unlimited
[Licensing::Client] Successfully updated license, isAsync: True, time: 0.01
[Licensing::Client] Successfully resolved entitlement details
[Licensing::Module] Licensing Background thread has ended after 0.68s
[Licensing::Module] Licensing is initialized (took 0.07s).
[Licensing::Client] Successfully resolved entitlement details
Library Redirect Path: Library/
[Physics::Module] Selected backend.
[Physics::Module] Name: PhysX
[Physics::Module] Id: 0xf2b8ea05
[Physics::Module] SDK Version: 4.1.2
[Physics::Module] Integration Version: 1.0.0
[Physics::Module] Threading Mode: Multi-Threaded
Artifact Garbage Collection - Removed 1 unused hashed content files
[Licensing::Client] Successfully resolved entitlement details
Initialize engine version: 6000.5.0f1 (88b47c5e7076)
[Subsystems] Discovering subsystems at path C:/Program Files/Unity/Hub/Editor/6000.5.0f1/Editor/Data/Resources/UnitySubsystems
[Subsystems] Discovering subsystems at path C:/Users/Reegon/Documents/TsukiVox_Unity/Assets
GfxDevice: creating device client; kGfxThreadingModeNonThreaded
d3d12: failed to query info queue interface (0x80004002).
Direct3D:
    Version:         Direct3D 12 [level 12.2]
    Renderer:        NVIDIA GeForce RTX 4060 Ti (ID=0x2803)
    Vendor:          NVIDIA
    VRAM:            16107 MB
    App VRAM Budget: 15339 MB
    Driver:          32.0.15.9186
Initialize mono
Mono path[0] = 'C:/Program Files/Unity/Hub/Editor/6000.5.0f1/Editor/Data/Managed'
Mono path[1] = 'C:/Program Files/Unity/Hub/Editor/6000.5.0f1/Editor/Data/BCLExtensions/runtime/netstandard2.1'
Mono path[2] = 'C:/Program Files/Unity/Hub/Editor/6000.5.0f1/Editor/Data/MonoBleedingEdge/lib/mono/unityjit-win32'
Mono config path = 'C:/Program Files/Unity/Hub/Editor/6000.5.0f1/Editor/Data/MonoBleedingEdge/etc'
Using monoOptions --debugger-agent=transport=dt_socket,embedding=1,server=y,suspend=n,address=127.0.0.1:56872
CodeReloadManager initialized
ImportWorker Server TCP listen port: 0
AcceleratorClientConnectionCallback - disconnected - :0
Begin MonoManager ReloadAssembly
Registering precompiled unity dll's ...
Register platform support module: C:/Program Files/Unity/Hub/Editor/6000.5.0f1/Editor/Data/PlaybackEngines/WebGLSupport/UnityEditor.WebGL.Extensions.dll
Register platform support module: C:/Program Files/Unity/Hub/Editor/6000.5.0f1/Editor/Data/PlaybackEngines/WindowsStandaloneSupport/UnityEditor.WindowsStandalone.Extensions.dll
Register platform support module: C:/Program Files/Unity/Hub/Editor/6000.5.0f1/Editor/Data/PlaybackEngines/AndroidPlayer/UnityEditor.Android.Extensions.dll
Registered in 0.002313 seconds.
Native extension for Android target not found
Native extension for WindowsStandalone target not found
Native extension for WebGL target not found
Package Manager log level set to [2]
ScheduleIndexationOnStartup MainProcess:False IndexOnStartup:True
Mono: successfully reloaded assembly
- Finished resetting the current domain, in  0.386 seconds
Domain Reload Profiling: 918ms
	BeginReloadAssembly (156ms)
		CreateAndSetChildDomain (31ms)
	RebuildCommonClasses (4ms)
	RebuildNativeTypeToScriptingClass (15ms)
	initialDomainReloadingComplete (61ms)
	LoadAllAssembliesAndSetupDomain (292ms)
		LoadAssemblies (123ms)
		AnalyzeDomain (211ms)
			TypeCache.Refresh (210ms)
				TypeCache.ScanAssembly (197ms)
	FinalizeReload (389ms)
		SetupLoadedEditorAssemblies (0ms)
			InitializePlatformSupportModulesInManaged (10ms)
			BeforeProcessingInitializeOnLoad (86ms)
			ProcessInitializeOnLoadAttributes (97ms)
			ProcessInitializeOnLoadMethodAttributes (121ms)
[Licensing::Client] Successfully resolved entitlement details
[Licensing::Client] Successfully resolved entitlement details
Application.AssetDatabase Initial Refresh Start
[Package Manager] Restoring resolved packages state from cache
[Licensing::Client] Successfully resolved entitlement details
[Package Manager] Registered 55 packages:
  Packages from [https://packages.unity.com]:
    com.unity.inputsystem@1.19.0 (location: C:\Users\Reegon\Documents\TsukiVox_Unity\Library\PackageCache\com.unity.inputsystem@21a28c3a6c83)
    com.unity.xr.management@4.6.0 (location: C:\Users\Reegon\Documents\TsukiVox_Unity\Library\PackageCache\com.unity.xr.management@ca5b202bb583)
    com.unity.xr.openxr@1.17.1 (location: C:\Users\Reegon\Documents\TsukiVox_Unity\Library\PackageCache\com.unity.xr.openxr@58837b2992e0)
    com.unity.xr.core-utils@2.6.0 (location: C:\Users\Reegon\Documents\TsukiVox_Unity\Library\PackageCache\com.unity.xr.core-utils@a8b900321199)
    com.unity.xr.legacyinputhelpers@3.0.1 (location: C:\Users\Reegon\Documents\TsukiVox_Unity\Library\PackageCache\com.unity.xr.legacyinputhelpers@3f62d634f63b)
    com.unity.searcher@4.9.4 (location: C:\Users\Reegon\Documents\TsukiVox_Unity\Library\PackageCache\com.unity.searcher@d45a78918735)
    com.unity.burst@1.8.29 (location: C:\Users\Reegon\Documents\TsukiVox_Unity\Library\PackageCache\com.unity.burst@6bb9aca3ef38)
    com.unity.nuget.mono-cecil@1.11.6 (location: C:\Users\Reegon\Documents\TsukiVox_Unity\Library\PackageCache\com.unity.nuget.mono-cecil@ecb9724e46ff)
    com.unity.test-framework.performance@3.5.0 (location: C:\Users\Reegon\Documents\TsukiVox_Unity\Library\PackageCache\com.unity.test-framework.performance@8b56083ec0f0)
  Built-in packages:
    com.unity.ugui@2.5.0 (location: C:\Users\Reegon\Documents\TsukiVox_Unity\Library\PackageCache\com.unity.ugui@4f9b15fd1386)
    com.unity.multiplayer.center@1.0.1 (location: C:\Users\Reegon\Documents\TsukiVox_Unity\Library\PackageCache\com.unity.multiplayer.center@b860850997d0)
    com.unity.render-pipelines.universal@17.5.0 (location: C:\Users\Reegon\Documents\TsukiVox_Unity\Library\PackageCache\com.unity.render-pipelines.universal@0c18adc4ff89)
    com.unity.modules.accessibility@1.0.0 (location: C:\Users\Reegon\Documents\TsukiVox_Unity\Library\PackageCache\com.unity.modules.accessibility)
    com.unity.modules.adaptiveperformance@1.0.0 (location: C:\Users\Reegon\Documents\TsukiVox_Unity\Library\PackageCache\com.unity.modules.adaptiveperformance)
    com.unity.modules.ai@1.0.0 (location: C:\Users\Reegon\Documents\TsukiVox_Unity\Library\PackageCache\com.unity.modules.ai)
    com.unity.modules.androidjni@1.0.0 (location: C:\Users\Reegon\Documents\TsukiVox_Unity\Library\PackageCache\com.unity.modules.androidjni)
    com.unity.modules.animation@1.0.0 (location: C:\Users\Reegon\Documents\TsukiVox_Unity\Library\PackageCache\com.unity.modules.animation)
    com.unity.modules.assetbundle@1.0.0 (location: C:\Users\Reegon\Documents\TsukiVox_Unity\Library\PackageCache\com.unity.modules.assetbundle)
    com.unity.modules.audio@1.0.0 (location: C:\Users\Reegon\Documents\TsukiVox_Unity\Library\PackageCache\com.unity.modules.audio)
    com.unity.modules.cloth@1.0.0 (location: C:\Users\Reegon\Documents\TsukiVox_Unity\Library\PackageCache\com.unity.modules.cloth)
    com.unity.modules.director@1.0.0 (location: C:\Users\Reegon\Documents\TsukiVox_Unity\Library\PackageCache\com.unity.modules.director)
    com.unity.modules.imageconversion@1.0.0 (location: C:\Users\Reegon\Documents\TsukiVox_Unity\Library\PackageCache\com.unity.modules.imageconversion)
    com.unity.modules.imgui@1.0.0 (location: C:\Users\Reegon\Documents\TsukiVox_Unity\Library\PackageCache\com.unity.modules.imgui)
    com.unity.modules.jsonserialize@1.0.0 (location: C:\Users\Reegon\Documents\TsukiVox_Unity\Library\PackageCache\com.unity.modules.jsonserialize)
    com.unity.modules.particlesystem@1.0.0 (location: C:\Users\Reegon\Documents\TsukiVox_Unity\Library\PackageCache\com.unity.modules.particlesystem)
    com.unity.modules.physics@1.0.0 (location: C:\Users\Reegon\Documents\TsukiVox_Unity\Library\PackageCache\com.unity.modules.physics)
    com.unity.modules.physics2d@1.0.0 (location: C:\Users\Reegon\Documents\TsukiVox_Unity\Library\PackageCache\com.unity.modules.physics2d)
    com.unity.modules.physicscore2d@1.0.0 (location: C:\Users\Reegon\Documents\TsukiVox_Unity\Library\PackageCache\com.unity.modules.physicscore2d)
    com.unity.modules.screencapture@1.0.0 (location: C:\Users\Reegon\Documents\TsukiVox_Unity\Library\PackageCache\com.unity.modules.screencapture)
    com.unity.modules.terrain@1.0.0 (location: C:\Users\Reegon\Documents\TsukiVox_Unity\Library\PackageCache\com.unity.modules.terrain)
    com.unity.modules.terrainphysics@1.0.0 (location: C:\Users\Reegon\Documents\TsukiVox_Unity\Library\PackageCache\com.unity.modules.terrainphysics)
    com.unity.modules.tilemap@1.0.0 (location: C:\Users\Reegon\Documents\TsukiVox_Unity\Library\PackageCache\com.unity.modules.tilemap)
    com.unity.modules.ui@1.0.0 (location: C:\Users\Reegon\Documents\TsukiVox_Unity\Library\PackageCache\com.unity.modules.ui)
    com.unity.modules.uielements@1.0.0 (location: C:\Users\Reegon\Documents\TsukiVox_Unity\Library\PackageCache\com.unity.modules.uielements)
    com.unity.modules.umbra@1.0.0 (location: C:\Users\Reegon\Documents\TsukiVox_Unity\Library\PackageCache\com.unity.modules.umbra)
    com.unity.modules.unityanalytics@1.0.0 (location: C:\Users\Reegon\Documents\TsukiVox_Unity\Library\PackageCache\com.unity.modules.unityanalytics)
    com.unity.modules.unitywebrequest@1.0.0 (location: C:\Users\Reegon\Documents\TsukiVox_Unity\Library\PackageCache\com.unity.modules.unitywebrequest)
    com.unity.modules.unitywebrequestassetbundle@1.0.0 (location: C:\Users\Reegon\Documents\TsukiVox_Unity\Library\PackageCache\com.unity.modules.unitywebrequestassetbundle)
    com.unity.modules.unitywebrequestaudio@1.0.0 (location: C:\Users\Reegon\Documents\TsukiVox_Unity\Library\PackageCache\com.unity.modules.unitywebrequestaudio)
    com.unity.modules.unitywebrequesttexture@1.0.0 (location: C:\Users\Reegon\Documents\TsukiVox_Unity\Library\PackageCache\com.unity.modules.unitywebrequesttexture)
    com.unity.modules.unitywebrequestwww@1.0.0 (location: C:\Users\Reegon\Documents\TsukiVox_Unity\Library\PackageCache\com.unity.modules.unitywebrequestwww)
    com.unity.modules.vectorgraphics@1.0.0 (location: C:\Users\Reegon\Documents\TsukiVox_Unity\Library\PackageCache\com.unity.modules.vectorgraphics)
    com.unity.modules.vehicles@1.0.0 (location: C:\Users\Reegon\Documents\TsukiVox_Unity\Library\PackageCache\com.unity.modules.vehicles)
    com.unity.modules.video@1.0.0 (location: C:\Users\Reegon\Documents\TsukiVox_Unity\Library\PackageCache\com.unity.modules.video)
    com.unity.modules.wind@1.0.0 (location: C:\Users\Reegon\Documents\TsukiVox_Unity\Library\PackageCache\com.unity.modules.wind)
    com.unity.modules.xr@1.0.0 (location: C:\Users\Reegon\Documents\TsukiVox_Unity\Library\PackageCache\com.unity.modules.xr)
    com.unity.modules.subsystems@1.0.0 (location: C:\Users\Reegon\Documents\TsukiVox_Unity\Library\PackageCache\com.unity.modules.subsystems)
    com.unity.modules.hierarchycore@1.0.0 (location: C:\Users\Reegon\Documents\TsukiVox_Unity\Library\PackageCache\com.unity.modules.hierarchycore)
    com.unity.render-pipelines.core@17.5.0 (location: C:\Users\Reegon\Documents\TsukiVox_Unity\Library\PackageCache\com.unity.render-pipelines.core@f43b729f1f6e)
    com.unity.shadergraph@17.5.0 (location: C:\Users\Reegon\Documents\TsukiVox_Unity\Library\PackageCache\com.unity.shadergraph@3fa956880a81)
    com.unity.render-pipelines.universal-config@17.5.0 (location: C:\Users\Reegon\Documents\TsukiVox_Unity\Library\PackageCache\com.unity.render-pipelines.universal-config@fdda01c80fe3)
    com.unity.collections@6.5.0 (location: C:\Users\Reegon\Documents\TsukiVox_Unity\Library\PackageCache\com.unity.collections@a43cabe808ca)
    com.unity.test-framework@1.7.0 (location: C:\Users\Reegon\Documents\TsukiVox_Unity\Library\PackageCache\com.unity.test-framework@f3e6c9a02477)
    com.unity.mathematics@1.4.0 (location: C:\Users\Reegon\Documents\TsukiVox_Unity\Library\PackageCache\com.unity.mathematics@981956d94fb6)
    com.unity.ext.nunit@2.1.0 (location: C:\Users\Reegon\Documents\TsukiVox_Unity\Library\PackageCache\com.unity.ext.nunit@44f7d31723bd)
[Subsystems] Looking for new subsystems at path C:\Users\Reegon\Documents\TsukiVox_Unity\Library\PackageCache\com.unity.xr.openxr@58837b2992e0
[Subsystems] Novel subsystem found at Library/PackageCache/com.unity.xr.openxr@58837b2992e0/Runtime/UnitySubsystemsManifest.json
[Subsystems] Discovering subsystems at path C:/Program Files/Unity/Hub/Editor/6000.5.0f1/Editor/Data/Resources/UnitySubsystems
[Subsystems] Discovering subsystems at path C:/Users/Reegon/Documents/TsukiVox_Unity/Assets
[Subsystems] Discovering subsystems at path C:\Users\Reegon\Documents\TsukiVox_Unity\Library\PackageCache\com.unity.xr.openxr@58837b2992e0
[Subsystems] No descriptors matched for  examples in Library/PackageCache/com.unity.xr.openxr@58837b2992e0/Runtime/UnitySubsystemsManifest.json.
[Subsystems] 1 'inputs' descriptors matched in Library/PackageCache/com.unity.xr.openxr@58837b2992e0/Runtime/UnitySubsystemsManifest.json
[Subsystems] 1 'displays' descriptors matched in Library/PackageCache/com.unity.xr.openxr@58837b2992e0/Runtime/UnitySubsystemsManifest.json
[Subsystems] No descriptors matched for  meshings in Library/PackageCache/com.unity.xr.openxr@58837b2992e0/Runtime/UnitySubsystemsManifest.json.
[Package Manager] Done registering packages in 0.03 seconds
[ScriptCompilation] Requested script compilation because: AssetDatabase observed changes in script compilation related files
Starting: C:\Program Files\Unity\Hub\Editor\6000.5.0f1\Editor\Data\Tools\BuildPipeline\bee_backend.exe --ipc --defer-dag-verification --dagfile="Library/Bee/1300b0aE.dag" --continue-on-failure --profile="Library/Bee/backend1.traceevents" ScriptAssemblies
WorkingDir: C:/Users/Reegon/Documents/TsukiVox_Unity
DisplayProgressbar: Compiling Scripts
ExitCode: 0 Duration: 8s345ms
[515/927    0s] WriteResponseFile Library/Bee/artifacts/rsp/4747638433968585886.rsp
[721/927    0s] ILPP-Configuration Library/ilpp-configuration.nevergeneratedoutput
[911/927    1s] Csc Library/Bee/artifacts/1300b0aE.dag/TsukiVox.NativeAudio.dll (+2 others)
[912/927    0s] ILPostProcess Library/Bee/artifacts/1300b0aE.dag/post-processed/TsukiVox.NativeAudio.dll (+pdb)
Processing assembly Library/Bee/artifacts/1300b0aE.dag/TsukiVox.NativeAudio.dll, with 150 defines and 285 references

processors: Unity.Jobs.CodeGen.JobsILPostProcessor, zzzUnity.Burst.CodeGen.BurstILPostProcessor

running Unity.Jobs.CodeGen.JobsILPostProcessor

running zzzUnity.Burst.CodeGen.BurstILPostProcessor
[913/927    0s] CopyFiles Library/ScriptAssemblies/TsukiVox.NativeAudio.pdb
[914/927    0s] CopyFiles Library/ScriptAssemblies/TsukiVox.NativeAudio.dll
[915/927    0s] Csc Library/Bee/artifacts/1300b0aE.dag/TsukiVox.NativeAudio.EditModeTests.dll (+2 others)
[916/927    0s] ILPostProcess Library/Bee/artifacts/1300b0aE.dag/post-processed/TsukiVox.NativeAudio.EditModeTests.dll (+pdb)
Processing assembly Library/Bee/artifacts/1300b0aE.dag/TsukiVox.NativeAudio.EditModeTests.dll, with 148 defines and 295 references

processors: Unity.Jobs.CodeGen.JobsILPostProcessor, zzzUnity.Burst.CodeGen.BurstILPostProcessor

running Unity.Jobs.CodeGen.JobsILPostProcessor

running zzzUnity.Burst.CodeGen.BurstILPostProcessor
[917/927    0s] CopyFiles Library/ScriptAssemblies/TsukiVox.NativeAudio.EditModeTests.pdb
[918/927    0s] CopyFiles Library/ScriptAssemblies/TsukiVox.NativeAudio.EditModeTests.dll
[919/927    3s] Csc Library/Bee/artifacts/1300b0aE.dag/Assembly-CSharp.dll (+2 others)
[920/927    0s] Csc Library/Bee/artifacts/1300b0aE.dag/Assembly-CSharp-Editor.dll (+2 others)
[921/927    2s] ILPostProcess Library/Bee/artifacts/1300b0aE.dag/post-processed/Assembly-CSharp-Editor.dll (+pdb)
Processing assembly Library/Bee/artifacts/1300b0aE.dag/Assembly-CSharp-Editor.dll, with 148 defines and 352 references

processors: Unity.Jobs.CodeGen.JobsILPostProcessor, zzzUnity.Burst.CodeGen.BurstILPostProcessor

running Unity.Jobs.CodeGen.JobsILPostProcessor

running zzzUnity.Burst.CodeGen.BurstILPostProcessor
[922/927    0s] CopyFiles Library/ScriptAssemblies/Assembly-CSharp-Editor.pdb
[923/927    2s] ILPostProcess Library/Bee/artifacts/1300b0aE.dag/post-processed/Assembly-CSharp.dll (+pdb)
Processing assembly Library/Bee/artifacts/1300b0aE.dag/Assembly-CSharp.dll, with 150 defines and 335 references

processors: Unity.Jobs.CodeGen.JobsILPostProcessor, zzzUnity.Burst.CodeGen.BurstILPostProcessor

running Unity.Jobs.CodeGen.JobsILPostProcessor

running zzzUnity.Burst.CodeGen.BurstILPostProcessor
[924/927    0s] CopyFiles Library/ScriptAssemblies/Assembly-CSharp.pdb
[925/927    0s] CopyFiles Library/ScriptAssemblies/Assembly-CSharp-Editor.dll
[926/927    0s] CopyFiles Library/ScriptAssemblies/Assembly-CSharp.dll
*** Tundra build success (8.29 seconds), 18 items updated, 927 evaluated
Total cache size 267644923
Total cache size after purge 267644923, took 00:00:00.2798258
AssetDatabase: script compilation time: 9.348474s
Begin MonoManager ReloadAssembly
Refreshing native plugins compatible for Editor in 4.99 ms, found 6 plugins.
Native extension for Android target not found
Native extension for WindowsStandalone target not found
Native extension for WebGL target not found
Refreshing native plugins compatible for Editor in 3.95 ms, found 6 plugins.
Starting new worker id: 0 with log in C:/Users/Reegon/Documents/TsukiVox_Unity/Logs/AssetImportWorkerHW0.log
ScheduleIndexationOnStartup MainProcess:True IndexOnStartup:True
Mono: successfully reloaded assembly
- Finished resetting the current domain, in  2.703 seconds
Domain Reload Profiling: 3451ms
	BeginReloadAssembly (220ms)
		DisableScriptedObjects (27ms)
		CreateAndSetChildDomain (49ms)
	RebuildCommonClasses (9ms)
	RebuildNativeTypeToScriptingClass (15ms)
	initialDomainReloadingComplete (51ms)
	LoadAllAssembliesAndSetupDomain (452ms)
		LoadAssemblies (295ms)
		AnalyzeDomain (145ms)
			TypeCache.Refresh (96ms)
				TypeCache.ScanAssembly (87ms)
			BuildScriptInfoCaches (41ms)
			ResolveRequiredComponents (6ms)
	FinalizeReload (2705ms)
		SetupLoadedEditorAssemblies (0ms)
			InitializePlatformSupportModulesInManaged (9ms)
			BeforeProcessingInitializeOnLoad (89ms)
			ProcessInitializeOnLoadAttributes (1867ms)
			ProcessInitializeOnLoadMethodAttributes (321ms)
			AfterProcessingInitializeOnLoad (7ms)
		AwakeInstancesAfterBackupRestoration (33ms)
Importing 'GUID: 1dc8666de9868e44ab076d66232e973d - Path: Assets/XR/Settings/OpenXR Package Settings.asset' with importer (NativeFormatImporter)
Imported 'GUID: 1dc8666de9868e44ab076d66232e973d' -> (Import Result ID: 'b0c88aa87e35ba0f1fb8cca7b75e0756') in 0.017 seconds [static dependencies only]. Details - ImportResultOutputID=e16716077fa5ee0b4ba1f522f610e500 DependenciesID=6cf6fbc85a1f56361ad3f6e0d0679345 StaticDependenciesID=f9ea155cb99271ea8cb05f74b9896fb5 
Importing 'GUID: 1142bbad8b9e8c44c83a9775ff120d37 - Path: Packages/com.unity.render-pipelines.core/Tests/Editor/UnifiedRayTracing/TraceRays.urtshader' with importer (ScriptedImporter : Unity.Rendering.LightTransport.Editor:UnityEditor.Rendering.UnifiedRayTracing:UnifiedRTShaderImporter)
Launched and connected shader compiler UnityShaderCompiler.exe after 0.03 seconds

Compiling Ray Tracing Shader "TraceRays.urtshader", keywords = <no keywords>
    finished in 0.02 seconds. Local cache hits 1, remote cache hits 0, compiled 0 platform variants
Imported 'GUID: 1142bbad8b9e8c44c83a9775ff120d37' -> (Import Result ID: 'c0144182ea1b9d413e08ad5804e6f31f') in 0.169 seconds [static and dynamic dependencies]. Details - ImportResultOutputID=1c3fe66494c1fa568fd6f39f1fbe02d1 DependenciesID=fa87248dec1ff5c1be7ede6530843b3d StaticDependenciesID=83382896bf2194e2afb7a814a9f914cd 
Importing 'GUID: d19f4f8a13b6edb48b986a47ec96402e - Path: Packages/com.unity.render-pipelines.core/Runtime/PathTracing/Shaders/LightmapShadowMaskIntegration.urtshader' with importer (ScriptedImporter : Unity.Rendering.LightTransport.Editor:UnityEditor.Rendering.UnifiedRayTracing:UnifiedRTShaderImporter)

Compiling Ray Tracing Shader "LightmapShadowMaskIntegration.urtshader", keywords = <no keywords>
Shader warning in 'LightmapShadowMaskIntegration': conversion from larger type 'float' to smaller type 'min16float', possible loss of data [-Wconversion] at C:/Users/Reegon/Documents/TsukiVox_Unity/Library/PackageCache/com.unity.render-pipelines.core@f43b729f1f6e/Runtime/PathTracing/Environment/EnvironmentImportanceSampling.hlsl(19) (on d3d11)
Shader warning in 'LightmapShadowMaskIntegration': conversion from larger type 'float' to smaller type 'min16float', possible loss of data [-Wconversion] at C:/Users/Reegon/Documents/TsukiVox_Unity/Library/PackageCache/com.unity.render-pipelines.core@f43b729f1f6e/Runtime/PathTracing/Shaders/LightSampling.hlsl(301) (on d3d11)
Shader warning in 'LightmapShadowMaskIntegration': conversion from larger type 'float' to smaller type 'min16float', possible loss of data [-Wconversion] at C:/Users/Reegon/Documents/TsukiVox_Unity/Library/PackageCache/com.unity.render-pipelines.core@f43b729f1f6e/Runtime/PathTracing/Shaders/LightSampling.hlsl(602) (on d3d11)
Shader warning in 'LightmapShadowMaskIntegration': conversion from larger type 'float' to smaller type 'min16float', possible loss of data [-Wconversion] at C:/Users/Reegon/Documents/TsukiVox_Unity/Library/PackageCache/com.unity.render-pipelines.core@f43b729f1f6e/ShaderLibrary/CommonLighting.hlsl(90) (on d3d11)
Shader warning in 'LightmapShadowMaskIntegration': conversion from larger type 'float' to smaller type 'min16float', possible loss of data [-Wconversion] at C:/Users/Reegon/Documents/TsukiVox_Unity/Library/PackageCache/com.unity.render-pipelines.core@f43b729f1f6e/ShaderLibrary/CommonLighting.hlsl(373) (on d3d11)
Shader warning in 'LightmapShadowMaskIntegration': conversion from larger type 'float' to smaller type 'min16float', possible loss of data [-Wconversion] at C:/Users/Reegon/Documents/TsukiVox_Unity/Library/PackageCache/com.unity.render-pipelines.core@f43b729f1f6e/ShaderLibrary/CommonLighting.hlsl(387) (on d3d11)
Shader warning in 'LightmapShadowMaskIntegration': conversion from larger type 'float' to smaller type 'min16float', possible loss of data [-Wconversion] at C:/Users/Reegon/Documents/TsukiVox_Unity/Library/PackageCache/com.unity.render-pipelines.core@f43b729f1f6e/ShaderLibrary/CommonLighting.hlsl(388) (on d3d11)
Shader warning in 'LightmapShadowMaskIntegration': conversion from larger type 'float' to smaller type 'min16float', possible loss of data [-Wconversion] at C:/Users/Reegon/Documents/TsukiVox_Unity/Library/PackageCache/com.unity.render-pipelines.core@f43b729f1f6e/ShaderLibrary/CommonLighting.hlsl(506) (on d3d11)
Shader warning in 'LightmapShadowMaskIntegration': conversion from larger type 'uint' to smaller type 'min16float', possible loss of data [-Wconversion] at C:/Users/Reegon/Documents/TsukiVox_Unity/Library/PackageCache/com.unity.render-pipelines.core@f43b729f1f6e/ShaderLibrary/Sampling/Fibonacci.hlsl(18) (on d3d11)
Shader warning in 'LightmapShadowMaskIntegration': conversion from larger type 'uint' to smaller type 'min16float', possible loss of data [-Wconversion] at C:/Users/Reegon/Documents/TsukiVox_Unity/Library/PackageCache/com.unity.render-pipelines.core@f43b729f1f6e/ShaderLibrary/Sampling/Fibonacci.hlsl(29) (on d3d11)
Shader warning in 'LightmapShadowMaskIntegration': conversion from larger type 'uint' to smaller type 'min16float', possible loss of data [-Wconversion] at C:/Users/Reegon/Documents/TsukiVox_Unity/Library/PackageCache/com.unity.render-pipelines.core@f43b729f1f6e/ShaderLibrary/Sampling/Fibonacci.hlsl(272) (on d3d11)
Shader warning in 'LightmapShadowMaskIntegration': conversion from larger type 'uint' to smaller type 'min16float', possible loss of data [-Wconversion] at C:/Users/Reegon/Documents/TsukiVox_Unity/Library/PackageCache/com.unity.render-pipelines.core@f43b729f1f6e/ShaderLibrary/Sampling/Fibonacci.hlsl(279) (on d3d11)
Shader warning in 'LightmapShadowMaskIntegration': conversion from larger type 'float' to smaller type 'min16float', possible loss of data [-Wconversion] at C:/Users/Reegon/Documents/TsukiVox_Unity/Library/PackageCache/com.unity.render-pipelines.core@f43b729f1f6e/ShaderLibrary/Sampling/Hammersley.hlsl(25) (on d3d11)
Shader warning in 'LightmapShadowMaskIntegration': conversion from larger type 'float3' to smaller type 'min16float3', possible loss of data [-Wconversion] at C:/Users/Reegon/Documents/TsukiVox_Unity/Library/PackageCache/com.unity.render-pipelines.core@f43b729f1f6e/ShaderLibrary/Sampling/Sampling.hlsl(144) (on d3d11)
Shader warning in 'LightmapShadowMaskIntegration': conversion from larger type 'float' to smaller type 'min16float', possible loss of data [-Wconversion] at C:/Users/Reegon/Documents/TsukiVox_Unity/Library/PackageCache/com.unity.render-pipelines.core@f43b729f1f6e/ShaderLibrary/Sampling/Sampling.hlsl(316) (on d3d11)
Shader warning in 'LightmapShadowMaskIntegration': conversion from larger type 'float' to smaller type 'min16float', possible loss of data [-Wconversion] at C:/Users/Reegon/Documents/TsukiVox_Unity/Library/PackageCache/com.unity.render-pipelines.core@f43b729f1f6e/ShaderLibrary/Sampling/Sampling.hlsl(317) (on d3d11)
Shader warning in 'LightmapShadowMaskIntegration': conversion from larger type 'float' to smaller type 'min16float', possible loss of data [-Wconversion] at C:/Users/Reegon/Documents/TsukiVox_Unity/Library/PackageCache/com.unity.render-pipelines.core@f43b729f1f6e/ShaderLibrary/Sampling/Sampling.hlsl(318) (on d3d11)
    finished in 0.01 seconds. Local cache hits 1, remote cache hits 0, compiled 0 platform variants
Imported 'GUID: d19f4f8a13b6edb48b986a47ec96402e' -> (Import Result ID: '46b88d4c61a46a7031ed9e0a7b79ca51') in 0.190 seconds [static and dynamic dependencies]. Details - ImportResultOutputID=29012000afc58a3e8a2fcf82c82f10f9 DependenciesID=fc333d2f2a33fc03cbd00c99151724c4 StaticDependenciesID=14c19d6e640993fbe77b1f068828bf12 
Importing 'GUID: 737a1597422c12547a8714d76a9406ec - Path: Packages/com.unity.render-pipelines.core/Runtime/PathTracing/Shaders/LightmapGBufferDebug.urtshader' with importer (ScriptedImporter : Unity.Rendering.LightTransport.Editor:UnityEditor.Rendering.UnifiedRayTracing:UnifiedRTShaderImporter)

Compiling Ray Tracing Shader "LightmapGBufferDebug.urtshader", keywords = <no keywords>
Shader warning in 'LightmapGBufferDebug': conversion from larger type 'float' to smaller type 'min16float', possible loss of data [-Wconversion] at C:/Users/Reegon/Documents/TsukiVox_Unity/Library/PackageCache/com.unity.render-pipelines.core@f43b729f1f6e/Runtime/PathTracing/Environment/EnvironmentImportanceSampling.hlsl(19) (on d3d11)
Shader warning in 'LightmapGBufferDebug': conversion from larger type 'float' to smaller type 'min16float', possible loss of data [-Wconversion] at C:/Users/Reegon/Documents/TsukiVox_Unity/Library/PackageCache/com.unity.render-pipelines.core@f43b729f1f6e/Runtime/PathTracing/Shaders/LightSampling.hlsl(301) (on d3d11)
Shader warning in 'LightmapGBufferDebug': conversion from larger type 'float' to smaller type 'min16float', possible loss of data [-Wconversion] at C:/Users/Reegon/Documents/TsukiVox_Unity/Library/PackageCache/com.unity.render-pipelines.core@f43b729f1f6e/Runtime/PathTracing/Shaders/LightSampling.hlsl(602) (on d3d11)
Shader warning in 'LightmapGBufferDebug': conversion from larger type 'float' to smaller type 'min16float', possible loss of data [-Wconversion] at C:/Users/Reegon/Documents/TsukiVox_Unity/Library/PackageCache/com.unity.render-pipelines.core@f43b729f1f6e/ShaderLibrary/CommonLighting.hlsl(90) (on d3d11)
Shader warning in 'LightmapGBufferDebug': conversion from larger type 'float' to smaller type 'min16float', possible loss of data [-Wconversion] at C:/Users/Reegon/Documents/TsukiVox_Unity/Library/PackageCache/com.unity.render-pipelines.core@f43b729f1f6e/ShaderLibrary/CommonLighting.hlsl(373) (on d3d11)
Shader warning in 'LightmapGBufferDebug': conversion from larger type 'float' to smaller type 'min16float', possible loss of data [-Wconversion] at C:/Users/Reegon/Documents/TsukiVox_Unity/Library/PackageCache/com.unity.render-pipelines.core@f43b729f1f6e/ShaderLibrary/CommonLighting.hlsl(387) (on d3d11)
Shader warning in 'LightmapGBufferDebug': conversion from larger type 'float' to smaller type 'min16float', possible loss of data [-Wconversion] at C:/Users/Reegon/Documents/TsukiVox_Unity/Library/PackageCache/com.unity.render-pipelines.core@f43b729f1f6e/ShaderLibrary/CommonLighting.hlsl(388) (on d3d11)
Shader warning in 'LightmapGBufferDebug': conversion from larger type 'float' to smaller type 'min16float', possible loss of data [-Wconversion] at C:/Users/Reegon/Documents/TsukiVox_Unity/Library/PackageCache/com.unity.render-pipelines.core@f43b729f1f6e/ShaderLibrary/CommonLighting.hlsl(506) (on d3d11)
Shader warning in 'LightmapGBufferDebug': conversion from larger type 'uint' to smaller type 'min16float', possible loss of data [-Wconversion] at C:/Users/Reegon/Documents/TsukiVox_Unity/Library/PackageCache/com.unity.render-pipelines.core@f43b729f1f6e/ShaderLibrary/Sampling/Fibonacci.hlsl(18) (on d3d11)
Shader warning in 'LightmapGBufferDebug': conversion from larger type 'uint' to smaller type 'min16float', possible loss of data [-Wconversion] at C:/Users/Reegon/Documents/TsukiVox_Unity/Library/PackageCache/com.unity.render-pipelines.core@f43b729f1f6e/ShaderLibrary/Sampling/Fibonacci.hlsl(29) (on d3d11)
Shader warning in 'LightmapGBufferDebug': conversion from larger type 'uint' to smaller type 'min16float', possible loss of data [-Wconversion] at C:/Users/Reegon/Documents/TsukiVox_Unity/Library/PackageCache/com.unity.render-pipelines.core@f43b729f1f6e/ShaderLibrary/Sampling/Fibonacci.hlsl(272) (on d3d11)
Shader warning in 'LightmapGBufferDebug': conversion from larger type 'uint' to smaller type 'min16float', possible loss of data [-Wconversion] at C:/Users/Reegon/Documents/TsukiVox_Unity/Library/PackageCache/com.unity.render-pipelines.core@f43b729f1f6e/ShaderLibrary/Sampling/Fibonacci.hlsl(279) (on d3d11)
Shader warning in 'LightmapGBufferDebug': conversion from larger type 'float' to smaller type 'min16float', possible loss of data [-Wconversion] at C:/Users/Reegon/Documents/TsukiVox_Unity/Library/PackageCache/com.unity.render-pipelines.core@f43b729f1f6e/ShaderLibrary/Sampling/Hammersley.hlsl(25) (on d3d11)
Shader warning in 'LightmapGBufferDebug': conversion from larger type 'float3' to smaller type 'min16float3', possible loss of data [-Wconversion] at C:/Users/Reegon/Documents/TsukiVox_Unity/Library/PackageCache/com.unity.render-pipelines.core@f43b729f1f6e/ShaderLibrary/Sampling/Sampling.hlsl(144) (on d3d11)
Shader warning in 'LightmapGBufferDebug': conversion from larger type 'float' to smaller type 'min16float', possible loss of data [-Wconversion] at C:/Users/Reegon/Documents/TsukiVox_Unity/Library/PackageCache/com.unity.render-pipelines.core@f43b729f1f6e/ShaderLibrary/Sampling/Sampling.hlsl(316) (on d3d11)
Shader warning in 'LightmapGBufferDebug': conversion from larger type 'float' to smaller type 'min16float', possible loss of data [-Wconversion] at C:/Users/Reegon/Documents/TsukiVox_Unity/Library/PackageCache/com.unity.render-pipelines.core@f43b729f1f6e/ShaderLibrary/Sampling/Sampling.hlsl(317) (on d3d11)
Shader warning in 'LightmapGBufferDebug': conversion from larger type 'float' to smaller type 'min16float', possible loss of data [-Wconversion] at C:/Users/Reegon/Documents/TsukiVox_Unity/Library/PackageCache/com.unity.render-pipelines.core@f43b729f1f6e/ShaderLibrary/Sampling/Sampling.hlsl(318) (on d3d11)
    finished in 0.00 seconds. Local cache hits 1, remote cache hits 0, compiled 0 platform variants
Imported 'GUID: 737a1597422c12547a8714d76a9406ec' -> (Import Result ID: '4bafb09e8f90a158187769aa65dab819') in 0.036 seconds [static and dynamic dependencies]. Details - ImportResultOutputID=a65d10e5c00c4ee49a530a95f2c4ddc5 DependenciesID=45df2d255b8531fb67de4b9c645b1852 StaticDependenciesID=8d11f009385b3a4cea3b53c3339efefb 
Importing 'GUID: f32463968f29423cad25aee15a14b9f1 - Path: Packages/com.unity.render-pipelines.core/Runtime/Lighting/SurfaceCache/PunctualLightSampling.urtshader' with importer (ScriptedImporter : Unity.Rendering.LightTransport.Editor:UnityEditor.Rendering.UnifiedRayTracing:UnifiedRTShaderImporter)

Compiling Ray Tracing Shader "PunctualLightSampling.urtshader", keywords = <no keywords>
Shader warning in 'PunctualLightSampling': conversion from larger type 'const float' to smaller type 'min16float', possible loss of data [-Wconversion] at C:/Users/Reegon/Documents/TsukiVox_Unity/Library/PackageCache/com.unity.render-pipelines.core@f43b729f1f6e/Runtime/Lighting/SurfaceCache/PunctualLightSampling.hlsl(56) (on d3d11)
Shader warning in 'PunctualLightSampling': conversion from larger type 'float' to smaller type 'min16float', possible loss of data [-Wconversion] at C:/Users/Reegon/Documents/TsukiVox_Unity/Library/PackageCache/com.unity.render-pipelines.core@f43b729f1f6e/Runtime/Lighting/SurfaceCache/PunctualLightSampling.hlsl(56) (on d3d11)
Shader warning in 'PunctualLightSampling': conversion from larger type 'uint' to smaller type 'min16float', possible loss of data [-Wconversion] at C:/Users/Reegon/Documents/TsukiVox_Unity/Library/PackageCache/com.unity.render-pipelines.core@f43b729f1f6e/ShaderLibrary/Sampling/Fibonacci.hlsl(18) (on d3d11)
Shader warning in 'PunctualLightSampling': conversion from larger type 'uint' to smaller type 'min16float', possible loss of data [-Wconversion] at C:/Users/Reegon/Documents/TsukiVox_Unity/Library/PackageCache/com.unity.render-pipelines.core@f43b729f1f6e/ShaderLibrary/Sampling/Fibonacci.hlsl(29) (on d3d11)
Shader warning in 'PunctualLightSampling': conversion from larger type 'uint' to smaller type 'min16float', possible loss of data [-Wconversion] at C:/Users/Reegon/Documents/TsukiVox_Unity/Library/PackageCache/com.unity.render-pipelines.core@f43b729f1f6e/ShaderLibrary/Sampling/Fibonacci.hlsl(272) (on d3d11)
Shader warning in 'PunctualLightSampling': conversion from larger type 'uint' to smaller type 'min16float', possible loss of data [-Wconversion] at C:/Users/Reegon/Documents/TsukiVox_Unity/Library/PackageCache/com.unity.render-pipelines.core@f43b729f1f6e/ShaderLibrary/Sampling/Fibonacci.hlsl(279) (on d3d11)
Shader warning in 'PunctualLightSampling': conversion from larger type 'float' to smaller type 'min16float', possible loss of data [-Wconversion] at C:/Users/Reegon/Documents/TsukiVox_Unity/Library/PackageCache/com.unity.render-pipelines.core@f43b729f1f6e/ShaderLibrary/Sampling/Hammersley.hlsl(25) (on d3d11)
Shader warning in 'PunctualLightSampling': conversion from larger type 'float3' to smaller type 'min16float3', possible loss of data [-Wconversion] at C:/Users/Reegon/Documents/TsukiVox_Unity/Library/PackageCache/com.unity.render-pipelines.core@f43b729f1f6e/ShaderLibrary/Sampling/Sampling.hlsl(144) (on d3d11)
Shader warning in 'PunctualLightSampling': conversion from larger type 'float' to smaller type 'min16float', possible loss of data [-Wconversion] at C:/Users/Reegon/Documents/TsukiVox_Unity/Library/PackageCache/com.unity.render-pipelines.core@f43b729f1f6e/ShaderLibrary/Sampling/Sampling.hlsl(316) (on d3d11)
Shader warning in 'PunctualLightSampling': conversion from larger type 'float' to smaller type 'min16float', possible loss of data [-Wconversion] at C:/Users/Reegon/Documents/TsukiVox_Unity/Library/PackageCache/com.unity.render-pipelines.core@f43b729f1f6e/ShaderLibrary/Sampling/Sampling.hlsl(317) (on d3d11)
Shader warning in 'PunctualLightSampling': conversion from larger type 'float' to smaller type 'min16float', possible loss of data [-Wconversion] at C:/Users/Reegon/Documents/TsukiVox_Unity/Library/PackageCache/com.unity.render-pipelines.core@f43b729f1f6e/ShaderLibrary/Sampling/Sampling.hlsl(318) (on d3d11)
    finished in 0.01 seconds. Local cache hits 1, remote cache hits 0, compiled 0 platform variants
Imported 'GUID: f32463968f29423cad25aee15a14b9f1' -> (Import Result ID: '9f4a0b58ef2aa106716ebbcd6ff559ef') in 0.079 seconds [static and dynamic dependencies]. Details - ImportResultOutputID=cb813ff05b0a83055f3f06a0264e251e DependenciesID=5670831cd7bf4cb74cc645860ba94123 StaticDependenciesID=fae2d39a41418b21bab2b70cd0d272f0 
Importing 'GUID: 1451d029813b192429211be28181beab - Path: Packages/com.unity.render-pipelines.core/Runtime/PathTracing/Shaders/LightmapNormalIntegration.urtshader' with importer (ScriptedImporter : Unity.Rendering.LightTransport.Editor:UnityEditor.Rendering.UnifiedRayTracing:UnifiedRTShaderImporter)

Compiling Ray Tracing Shader "LightmapNormalIntegration.urtshader", keywords = <no keywords>
Shader warning in 'LightmapNormalIntegration': conversion from larger type 'float' to smaller type 'min16float', possible loss of data [-Wconversion] at C:/Users/Reegon/Documents/TsukiVox_Unity/Library/PackageCache/com.unity.render-pipelines.core@f43b729f1f6e/Runtime/PathTracing/Environment/EnvironmentImportanceSampling.hlsl(19) (on d3d11)
Shader warning in 'LightmapNormalIntegration': conversion from larger type 'float' to smaller type 'min16float', possible loss of data [-Wconversion] at C:/Users/Reegon/Documents/TsukiVox_Unity/Library/PackageCache/com.unity.render-pipelines.core@f43b729f1f6e/Runtime/PathTracing/Shaders/LightSampling.hlsl(301) (on d3d11)
Shader warning in 'LightmapNormalIntegration': conversion from larger type 'float' to smaller type 'min16float', possible loss of data [-Wconversion] at C:/Users/Reegon/Documents/TsukiVox_Unity/Library/PackageCache/com.unity.render-pipelines.core@f43b729f1f6e/Runtime/PathTracing/Shaders/LightSampling.hlsl(602) (on d3d11)
Shader warning in 'LightmapNormalIntegration': conversion from larger type 'float' to smaller type 'min16float', possible loss of data [-Wconversion] at C:/Users/Reegon/Documents/TsukiVox_Unity/Library/PackageCache/com.unity.render-pipelines.core@f43b729f1f6e/ShaderLibrary/CommonLighting.hlsl(90) (on d3d11)
Shader warning in 'LightmapNormalIntegration': conversion from larger type 'float' to smaller type 'min16float', possible loss of data [-Wconversion] at C:/Users/Reegon/Documents/TsukiVox_Unity/Library/PackageCache/com.unity.render-pipelines.core@f43b729f1f6e/ShaderLibrary/CommonLighting.hlsl(373) (on d3d11)
Shader warning in 'LightmapNormalIntegration': conversion from larger type 'float' to smaller type 'min16float', possible loss of data [-Wconversion] at C:/Users/Reegon/Documents/TsukiVox_Unity/Library/PackageCache/com.unity.render-pipelines.core@f43b729f1f6e/ShaderLibrary/CommonLighting.hlsl(387) (on d3d11)
Shader warning in 'LightmapNormalIntegration': conversion from larger type 'float' to smaller type 'min16float', possible loss of data [-Wconversion] at C:/Users/Reegon/Documents/TsukiVox_Unity/Library/PackageCache/com.unity.render-pipelines.core@f43b729f1f6e/ShaderLibrary/CommonLighting.hlsl(388) (on d3d11)
Shader warning in 'LightmapNormalIntegration': conversion from larger type 'float' to smaller type 'min16float', possible loss of data [-Wconversion] at C:/Users/Reegon/Documents/TsukiVox_Unity/Library/PackageCache/com.unity.render-pipelines.core@f43b729f1f6e/ShaderLibrary/CommonLighting.hlsl(506) (on d3d11)
Shader warning in 'LightmapNormalIntegration': conversion from larger type 'uint' to smaller type 'min16float', possible loss of data [-Wconversion] at C:/Users/Reegon/Documents/TsukiVox_Unity/Library/PackageCache/com.unity.render-pipelines.core@f43b729f1f6e/ShaderLibrary/Sampling/Fibonacci.hlsl(18) (on d3d11)
Shader warning in 'LightmapNormalIntegration': conversion from larger type 'uint' to smaller type 'min16float', possible loss of data [-Wconversion] at C:/Users/Reegon/Documents/TsukiVox_Unity/Library/PackageCache/com.unity.render-pipelines.core@f43b729f1f6e/ShaderLibrary/Sampling/Fibonacci.hlsl(29) (on d3d11)
Shader warning in 'LightmapNormalIntegration': conversion from larger type 'uint' to smaller type 'min16float', possible loss of data [-Wconversion] at C:/Users/Reegon/Documents/TsukiVox_Unity/Library/PackageCache/com.unity.render-pipelines.core@f43b729f1f6e/ShaderLibrary/Sampling/Fibonacci.hlsl(272) (on d3d11)
Shader warning in 'LightmapNormalIntegration': conversion from larger type 'uint' to smaller type 'min16float', possible loss of data [-Wconversion] at C:/Users/Reegon/Documents/TsukiVox_Unity/Library/PackageCache/com.unity.render-pipelines.core@f43b729f1f6e/ShaderLibrary/Sampling/Fibonacci.hlsl(279) (on d3d11)
Shader warning in 'LightmapNormalIntegration': conversion from larger type 'float' to smaller type 'min16float', possible loss of data [-Wconversion] at C:/Users/Reegon/Documents/TsukiVox_Unity/Library/PackageCache/com.unity.render-pipelines.core@f43b729f1f6e/ShaderLibrary/Sampling/Hammersley.hlsl(25) (on d3d11)
Shader warning in 'LightmapNormalIntegration': conversion from larger type 'float3' to smaller type 'min16float3', possible loss of data [-Wconversion] at C:/Users/Reegon/Documents/TsukiVox_Unity/Library/PackageCache/com.unity.render-pipelines.core@f43b729f1f6e/ShaderLibrary/Sampling/Sampling.hlsl(144) (on d3d11)
Shader warning in 'LightmapNormalIntegration': conversion from larger type 'float' to smaller type 'min16float', possible loss of data [-Wconversion] at C:/Users/Reegon/Documents/TsukiVox_Unity/Library/PackageCache/com.unity.render-pipelines.core@f43b729f1f6e/ShaderLibrary/Sampling/Sampling.hlsl(316) (on d3d11)
Shader warning in 'LightmapNormalIntegration': conversion from larger type 'float' to smaller type 'min16float', possible loss of data [-Wconversion] at C:/Users/Reegon/Documents/TsukiVox_Unity/Library/PackageCache/com.unity.render-pipelines.core@f43b729f1f6e/ShaderLibrary/Sampling/Sampling.hlsl(317) (on d3d11)
Shader warning in 'LightmapNormalIntegration': conversion from larger type 'float' to smaller type 'min16float', possible loss of data [-Wconversion] at C:/Users/Reegon/Documents/TsukiVox_Unity/Library/PackageCache/com.unity.render-pipelines.core@f43b729f1f6e/ShaderLibrary/Sampling/Sampling.hlsl(318) (on d3d11)
    finished in 0.01 seconds. Local cache hits 1, remote cache hits 0, compiled 0 platform variants
Imported 'GUID: 1451d029813b192429211be28181beab' -> (Import Result ID: '24ca8e91a3ed0b736edf8139301e66e7') in 0.034 seconds [static and dynamic dependencies]. Details - ImportResultOutputID=9f2caa65c06f91e79245aa0304abb290 DependenciesID=d147db1eb8c985c4fdbbb9beba372f05 StaticDependenciesID=6695b2a8ac591a9580bdd3907887ec37 
Importing 'GUID: 94a070d33e408384bafc1dea4a565df9 - Path: Packages/com.unity.render-pipelines.core/Editor/Lighting/ProbeVolume/RenderingLayerMask/TraceRenderingLayerMask.urtshader' with importer (ScriptedImporter : Unity.Rendering.LightTransport.Editor:UnityEditor.Rendering.UnifiedRayTracing:UnifiedRTShaderImporter)

Compiling Ray Tracing Shader "TraceRenderingLayerMask.urtshader", keywords = <no keywords>
    finished in 0.01 seconds. Local cache hits 1, remote cache hits 0, compiled 0 platform variants
Imported 'GUID: 94a070d33e408384bafc1dea4a565df9' -> (Import Result ID: 'd90f0990e400bd6049696feee294f258') in 0.033 seconds [static and dynamic dependencies]. Details - ImportResultOutputID=91da5a617031c56a71e664beeb1cb9ac DependenciesID=319253f13e13e73302083256f8b5e879 StaticDependenciesID=76c56abbfe1dea1698b482e1c311a1b3 
Importing 'GUID: 94a39d12848d8d64ca962a72b74e7c50 - Path: Packages/com.unity.render-pipelines.core/Runtime/Lighting/SurfaceCache/Estimation.urtshader' with importer (ScriptedImporter : Unity.Rendering.LightTransport.Editor:UnityEditor.Rendering.UnifiedRayTracing:UnifiedRTShaderImporter)

Compiling Ray Tracing Shader "Estimation.urtshader", keywords = <no keywords>
    finished in 0.01 seconds. Local cache hits 1, remote cache hits 0, compiled 0 platform variants
Imported 'GUID: 94a39d12848d8d64ca962a72b74e7c50' -> (Import Result ID: '1d89f92a563d60efaa5aa769db15de05') in 0.042 seconds [static and dynamic dependencies]. Details - ImportResultOutputID=de9b09aaae42e37a659e0c0d5f51c9b4 DependenciesID=6a14303a760e69a46a17b8ff7cc98a4b StaticDependenciesID=3d83c90598d39b20511fc2d468edef81 
Importing 'GUID: 6513c3b892e933c4f8d00c19d5c47532 - Path: Packages/com.unity.render-pipelines.core/Tests/Editor/UnifiedRayTracing/TraceTransparentRays.urtshader' with importer (ScriptedImporter : Unity.Rendering.LightTransport.Editor:UnityEditor.Rendering.UnifiedRayTracing:UnifiedRTShaderImporter)

Compiling Ray Tracing Shader "TraceTransparentRays.urtshader", keywords = <no keywords>
    finished in 0.01 seconds. Local cache hits 1, remote cache hits 0, compiled 0 platform variants
Imported 'GUID: 6513c3b892e933c4f8d00c19d5c47532' -> (Import Result ID: '513a31c91d933db7f00b54b3b4677bd3') in 0.025 seconds [static and dynamic dependencies]. Details - ImportResultOutputID=e2118c2d8f15e6c697c84c14187ad393 DependenciesID=687dc9d37c59e6f9a658fb065fe68b13 StaticDependenciesID=8372fb0bb36e1468fa9601c49a86d0e6 
Importing 'GUID: 7624adbeb148b5c48ab5ab660cc2602a - Path: Packages/com.unity.render-pipelines.core/Runtime/PathTracing/Shaders/LightmapIndirectIntegration.urtshader' with importer (ScriptedImporter : Unity.Rendering.LightTransport.Editor:UnityEditor.Rendering.UnifiedRayTracing:UnifiedRTShaderImporter)

Compiling Ray Tracing Shader "LightmapIndirectIntegration.urtshader", keywords = <no keywords>
Shader warning in 'LightmapIndirectIntegration': conversion from larger type 'float' to smaller type 'min16float', possible loss of data [-Wconversion] at C:/Users/Reegon/Documents/TsukiVox_Unity/Library/PackageCache/com.unity.render-pipelines.core@f43b729f1f6e/Runtime/PathTracing/Environment/EnvironmentImportanceSampling.hlsl(19) (on d3d11)
Shader warning in 'LightmapIndirectIntegration': conversion from larger type 'float' to smaller type 'min16float', possible loss of data [-Wconversion] at C:/Users/Reegon/Documents/TsukiVox_Unity/Library/PackageCache/com.unity.render-pipelines.core@f43b729f1f6e/Runtime/PathTracing/Shaders/LightSampling.hlsl(301) (on d3d11)
Shader warning in 'LightmapIndirectIntegration': conversion from larger type 'float' to smaller type 'min16float', possible loss of data [-Wconversion] at C:/Users/Reegon/Documents/TsukiVox_Unity/Library/PackageCache/com.unity.render-pipelines.core@f43b729f1f6e/Runtime/PathTracing/Shaders/LightSampling.hlsl(602) (on d3d11)
Shader warning in 'LightmapIndirectIntegration': conversion from larger type 'float' to smaller type 'min16float', possible loss of data [-Wconversion] at C:/Users/Reegon/Documents/TsukiVox_Unity/Library/PackageCache/com.unity.render-pipelines.core@f43b729f1f6e/ShaderLibrary/CommonLighting.hlsl(90) (on d3d11)
Shader warning in 'LightmapIndirectIntegration': conversion from larger type 'float' to smaller type 'min16float', possible loss of data [-Wconversion] at C:/Users/Reegon/Documents/TsukiVox_Unity/Library/PackageCache/com.unity.render-pipelines.core@f43b729f1f6e/ShaderLibrary/CommonLighting.hlsl(373) (on d3d11)
Shader warning in 'LightmapIndirectIntegration': conversion from larger type 'float' to smaller type 'min16float', possible loss of data [-Wconversion] at C:/Users/Reegon/Documents/TsukiVox_Unity/Library/PackageCache/com.unity.render-pipelines.core@f43b729f1f6e/ShaderLibrary/CommonLighting.hlsl(387) (on d3d11)
Shader warning in 'LightmapIndirectIntegration': conversion from larger type 'float' to smaller type 'min16float', possible loss of data [-Wconversion] at C:/Users/Reegon/Documents/TsukiVox_Unity/Library/PackageCache/com.unity.render-pipelines.core@f43b729f1f6e/ShaderLibrary/CommonLighting.hlsl(388) (on d3d11)
Shader warning in 'LightmapIndirectIntegration': conversion from larger type 'float' to smaller type 'min16float', possible loss of data [-Wconversion] at C:/Users/Reegon/Documents/TsukiVox_Unity/Library/PackageCache/com.unity.render-pipelines.core@f43b729f1f6e/ShaderLibrary/CommonLighting.hlsl(506) (on d3d11)
Shader warning in 'LightmapIndirectIntegration': conversion from larger type 'uint' to smaller type 'min16float', possible loss of data [-Wconversion] at C:/Users/Reegon/Documents/TsukiVox_Unity/Library/PackageCache/com.unity.render-pipelines.core@f43b729f1f6e/ShaderLibrary/Sampling/Fibonacci.hlsl(18) (on d3d11)
Shader warning in 'LightmapIndirectIntegration': conversion from larger type 'uint' to smaller type 'min16float', possible loss of data [-Wconversion] at C:/Users/Reegon/Documents/TsukiVox_Unity/Library/PackageCache/com.unity.render-pipelines.core@f43b729f1f6e/ShaderLibrary/Sampling/Fibonacci.hlsl(29) (on d3d11)
Shader warning in 'LightmapIndirectIntegration': conversion from larger type 'uint' to smaller type 'min16float', possible loss of data [-Wconversion] at C:/Users/Reegon/Documents/TsukiVox_Unity/Library/PackageCache/com.unity.render-pipelines.core@f43b729f1f6e/ShaderLibrary/Sampling/Fibonacci.hlsl(272) (on d3d11)
Shader warning in 'LightmapIndirectIntegration': conversion from larger type 'uint' to smaller type 'min16float', possible loss of data [-Wconversion] at C:/Users/Reegon/Documents/TsukiVox_Unity/Library/PackageCache/com.unity.render-pipelines.core@f43b729f1f6e/ShaderLibrary/Sampling/Fibonacci.hlsl(279) (on d3d11)
Shader warning in 'LightmapIndirectIntegration': conversion from larger type 'float' to smaller type 'min16float', possible loss of data [-Wconversion] at C:/Users/Reegon/Documents/TsukiVox_Unity/Library/PackageCache/com.unity.render-pipelines.core@f43b729f1f6e/ShaderLibrary/Sampling/Hammersley.hlsl(25) (on d3d11)
Shader warning in 'LightmapIndirectIntegration': conversion from larger type 'float3' to smaller type 'min16float3', possible loss of data [-Wconversion] at C:/Users/Reegon/Documents/TsukiVox_Unity/Library/PackageCache/com.unity.render-pipelines.core@f43b729f1f6e/ShaderLibrary/Sampling/Sampling.hlsl(144) (on d3d11)
Shader warning in 'LightmapIndirectIntegration': conversion from larger type 'float' to smaller type 'min16float', possible loss of data [-Wconversion] at C:/Users/Reegon/Documents/TsukiVox_Unity/Library/PackageCache/com.unity.render-pipelines.core@f43b729f1f6e/ShaderLibrary/Sampling/Sampling.hlsl(316) (on d3d11)
Shader warning in 'LightmapIndirectIntegration': conversion from larger type 'float' to smaller type 'min16float', possible loss of data [-Wconversion] at C:/Users/Reegon/Documents/TsukiVox_Unity/Library/PackageCache/com.unity.render-pipelines.core@f43b729f1f6e/ShaderLibrary/Sampling/Sampling.hlsl(317) (on d3d11)
Shader warning in 'LightmapIndirectIntegration': conversion from larger type 'float' to smaller type 'min16float', possible loss of data [-Wconversion] at C:/Users/Reegon/Documents/TsukiVox_Unity/Library/PackageCache/com.unity.render-pipelines.core@f43b729f1f6e/ShaderLibrary/Sampling/Sampling.hlsl(318) (on d3d11)
    finished in 0.01 seconds. Local cache hits 1, remote cache hits 0, compiled 0 platform variants
Imported 'GUID: 7624adbeb148b5c48ab5ab660cc2602a' -> (Import Result ID: 'bc53d5710a794660a51e5ca8a32fa598') in 0.042 seconds [static and dynamic dependencies]. Details - ImportResultOutputID=e403edcf2a0cdb71da8070a90450cf1f DependenciesID=97836f0662e6b36955cf917fc29dbbb6 StaticDependenciesID=67a45332e0f51102f9bb9c93a750d036 
Importing 'GUID: e9f4de6d1e07fb94f9a60d35b618f724 - Path: Packages/com.unity.render-pipelines.core/Runtime/PathTracing/Shaders/LightmapGBufferIntegration.urtshader' with importer (ScriptedImporter : Unity.Rendering.LightTransport.Editor:UnityEditor.Rendering.UnifiedRayTracing:UnifiedRTShaderImporter)

Compiling Ray Tracing Shader "LightmapGBufferIntegration.urtshader", keywords = <no keywords>
    finished in 0.01 seconds. Local cache hits 1, remote cache hits 0, compiled 0 platform variants
Imported 'GUID: e9f4de6d1e07fb94f9a60d35b618f724' -> (Import Result ID: '790a4990bb7481a2e6f0b46a229b36c5') in 0.040 seconds [static and dynamic dependencies]. Details - ImportResultOutputID=3fd301a5bbe9dfc2cfbe43748964e5c7 DependenciesID=b291570b44d5b201b1ffb375d485cb51 StaticDependenciesID=8b26c93a6e3373b36ba430a420b17d9a 
Importing 'GUID: 5a2a534753fbdb44e96c3c78b5a6999d - Path: Packages/com.unity.render-pipelines.core/Editor/Lighting/ProbeVolume/DynamicGI/DynamicGISkyOcclusion.urtshader' with importer (ScriptedImporter : Unity.Rendering.LightTransport.Editor:UnityEditor.Rendering.UnifiedRayTracing:UnifiedRTShaderImporter)

Compiling Ray Tracing Shader "DynamicGISkyOcclusion.urtshader", keywords = <no keywords>
    finished in 0.01 seconds. Local cache hits 1, remote cache hits 0, compiled 0 platform variants
Imported 'GUID: 5a2a534753fbdb44e96c3c78b5a6999d' -> (Import Result ID: 'eb5ea65f5f271459b15a32367e0ec8c8') in 0.031 seconds [static and dynamic dependencies]. Details - ImportResultOutputID=cbc29c2799def04ef0ca52b6e2b0b521 DependenciesID=0a5a9f578e00e4093613bb4a28b83006 StaticDependenciesID=41b936436a30154af8a3b61f441fd564 
Importing 'GUID: 5bbebdef5916845478fcef13fa10d89f - Path: Packages/com.unity.render-pipelines.core/Runtime/PathTracing/Shaders/LightmapDirectIntegration.urtshader' with importer (ScriptedImporter : Unity.Rendering.LightTransport.Editor:UnityEditor.Rendering.UnifiedRayTracing:UnifiedRTShaderImporter)

Compiling Ray Tracing Shader "LightmapDirectIntegration.urtshader", keywords = <no keywords>
Shader warning in 'LightmapDirectIntegration': conversion from larger type 'float' to smaller type 'min16float', possible loss of data [-Wconversion] at C:/Users/Reegon/Documents/TsukiVox_Unity/Library/PackageCache/com.unity.render-pipelines.core@f43b729f1f6e/Runtime/PathTracing/Environment/EnvironmentImportanceSampling.hlsl(19) (on d3d11)
Shader warning in 'LightmapDirectIntegration': conversion from larger type 'float' to smaller type 'min16float', possible loss of data [-Wconversion] at C:/Users/Reegon/Documents/TsukiVox_Unity/Library/PackageCache/com.unity.render-pipelines.core@f43b729f1f6e/Runtime/PathTracing/Shaders/LightSampling.hlsl(301) (on d3d11)
Shader warning in 'LightmapDirectIntegration': conversion from larger type 'float' to smaller type 'min16float', possible loss of data [-Wconversion] at C:/Users/Reegon/Documents/TsukiVox_Unity/Library/PackageCache/com.unity.render-pipelines.core@f43b729f1f6e/Runtime/PathTracing/Shaders/LightSampling.hlsl(602) (on d3d11)
Shader warning in 'LightmapDirectIntegration': conversion from larger type 'float' to smaller type 'min16float', possible loss of data [-Wconversion] at C:/Users/Reegon/Documents/TsukiVox_Unity/Library/PackageCache/com.unity.render-pipelines.core@f43b729f1f6e/ShaderLibrary/CommonLighting.hlsl(90) (on d3d11)
Shader warning in 'LightmapDirectIntegration': conversion from larger type 'float' to smaller type 'min16float', possible loss of data [-Wconversion] at C:/Users/Reegon/Documents/TsukiVox_Unity/Library/PackageCache/com.unity.render-pipelines.core@f43b729f1f6e/ShaderLibrary/CommonLighting.hlsl(373) (on d3d11)
Shader warning in 'LightmapDirectIntegration': conversion from larger type 'float' to smaller type 'min16float', possible loss of data [-Wconversion] at C:/Users/Reegon/Documents/TsukiVox_Unity/Library/PackageCache/com.unity.render-pipelines.core@f43b729f1f6e/ShaderLibrary/CommonLighting.hlsl(387) (on d3d11)
Shader warning in 'LightmapDirectIntegration': conversion from larger type 'float' to smaller type 'min16float', possible loss of data [-Wconversion] at C:/Users/Reegon/Documents/TsukiVox_Unity/Library/PackageCache/com.unity.render-pipelines.core@f43b729f1f6e/ShaderLibrary/CommonLighting.hlsl(388) (on d3d11)
Shader warning in 'LightmapDirectIntegration': conversion from larger type 'float' to smaller type 'min16float', possible loss of data [-Wconversion] at C:/Users/Reegon/Documents/TsukiVox_Unity/Library/PackageCache/com.unity.render-pipelines.core@f43b729f1f6e/ShaderLibrary/CommonLighting.hlsl(506) (on d3d11)
Shader warning in 'LightmapDirectIntegration': conversion from larger type 'uint' to smaller type 'min16float', possible loss of data [-Wconversion] at C:/Users/Reegon/Documents/TsukiVox_Unity/Library/PackageCache/com.unity.render-pipelines.core@f43b729f1f6e/ShaderLibrary/Sampling/Fibonacci.hlsl(18) (on d3d11)
Shader warning in 'LightmapDirectIntegration': conversion from larger type 'uint' to smaller type 'min16float', possible loss of data [-Wconversion] at C:/Users/Reegon/Documents/TsukiVox_Unity/Library/PackageCache/com.unity.render-pipelines.core@f43b729f1f6e/ShaderLibrary/Sampling/Fibonacci.hlsl(29) (on d3d11)
Shader warning in 'LightmapDirectIntegration': conversion from larger type 'uint' to smaller type 'min16float', possible loss of data [-Wconversion] at C:/Users/Reegon/Documents/TsukiVox_Unity/Library/PackageCache/com.unity.render-pipelines.core@f43b729f1f6e/ShaderLibrary/Sampling/Fibonacci.hlsl(272) (on d3d11)
Shader warning in 'LightmapDirectIntegration': conversion from larger type 'uint' to smaller type 'min16float', possible loss of data [-Wconversion] at C:/Users/Reegon/Documents/TsukiVox_Unity/Library/PackageCache/com.unity.render-pipelines.core@f43b729f1f6e/ShaderLibrary/Sampling/Fibonacci.hlsl(279) (on d3d11)
Shader warning in 'LightmapDirectIntegration': conversion from larger type 'float' to smaller type 'min16float', possible loss of data [-Wconversion] at C:/Users/Reegon/Documents/TsukiVox_Unity/Library/PackageCache/com.unity.render-pipelines.core@f43b729f1f6e/ShaderLibrary/Sampling/Hammersley.hlsl(25) (on d3d11)
Shader warning in 'LightmapDirectIntegration': conversion from larger type 'float3' to smaller type 'min16float3', possible loss of data [-Wconversion] at C:/Users/Reegon/Documents/TsukiVox_Unity/Library/PackageCache/com.unity.render-pipelines.core@f43b729f1f6e/ShaderLibrary/Sampling/Sampling.hlsl(144) (on d3d11)
Shader warning in 'LightmapDirectIntegration': conversion from larger type 'float' to smaller type 'min16float', possible loss of data [-Wconversion] at C:/Users/Reegon/Documents/TsukiVox_Unity/Library/PackageCache/com.unity.render-pipelines.core@f43b729f1f6e/ShaderLibrary/Sampling/Sampling.hlsl(316) (on d3d11)
Shader warning in 'LightmapDirectIntegration': conversion from larger type 'float' to smaller type 'min16float', possible loss of data [-Wconversion] at C:/Users/Reegon/Documents/TsukiVox_Unity/Library/PackageCache/com.unity.render-pipelines.core@f43b729f1f6e/ShaderLibrary/Sampling/Sampling.hlsl(317) (on d3d11)
Shader warning in 'LightmapDirectIntegration': conversion from larger type 'float' to smaller type 'min16float', possible loss of data [-Wconversion] at C:/Users/Reegon/Documents/TsukiVox_Unity/Library/PackageCache/com.unity.render-pipelines.core@f43b729f1f6e/ShaderLibrary/Sampling/Sampling.hlsl(318) (on d3d11)
    finished in 0.01 seconds. Local cache hits 1, remote cache hits 0, compiled 0 platform variants
Imported 'GUID: 5bbebdef5916845478fcef13fa10d89f' -> (Import Result ID: '26e543d08f4e0fa9e353d6444124dad9') in 0.041 seconds [static and dynamic dependencies]. Details - ImportResultOutputID=04cfc2cd0f7f0b9203639177f47374a4 DependenciesID=bb6c8c8103baaafb147227aa7a33d5ee StaticDependenciesID=49e7ce722dcdec23942b360d8297bad5 
Importing 'GUID: fbc59f55df2416344b008dc23753cae2 - Path: Packages/com.unity.render-pipelines.core/Tests/Editor/UnifiedRayTracing/TraceRaysAndFetchAttributes.urtshader' with importer (ScriptedImporter : Unity.Rendering.LightTransport.Editor:UnityEditor.Rendering.UnifiedRayTracing:UnifiedRTShaderImporter)

Compiling Ray Tracing Shader "TraceRaysAndFetchAttributes.urtshader", keywords = <no keywords>
    finished in 0.01 seconds. Local cache hits 1, remote cache hits 0, compiled 0 platform variants
Imported 'GUID: fbc59f55df2416344b008dc23753cae2' -> (Import Result ID: '0d7e50e10ea6d3df76ad06f77dd7b0a9') in 0.026 seconds [static and dynamic dependencies]. Details - ImportResultOutputID=a8f811361504e9b56d0c8329b4680b5b DependenciesID=ecbe69711da9fe9f8ac2ce98e8d658d0 StaticDependenciesID=8530ce6573ae9a6cd0b7e3b83f0a29ad 
Importing 'GUID: 1c410815c01ce1d4d82c645c0cd45747 - Path: Packages/com.unity.render-pipelines.core/Runtime/PathTracing/Shaders/LightmapAOIntegration.urtshader' with importer (ScriptedImporter : Unity.Rendering.LightTransport.Editor:UnityEditor.Rendering.UnifiedRayTracing:UnifiedRTShaderImporter)

Compiling Ray Tracing Shader "LightmapAOIntegration.urtshader", keywords = <no keywords>
Shader warning in 'LightmapAOIntegration': conversion from larger type 'float' to smaller type 'min16float', possible loss of data [-Wconversion] at C:/Users/Reegon/Documents/TsukiVox_Unity/Library/PackageCache/com.unity.render-pipelines.core@f43b729f1f6e/Runtime/PathTracing/Environment/EnvironmentImportanceSampling.hlsl(19) (on d3d11)
Shader warning in 'LightmapAOIntegration': conversion from larger type 'float' to smaller type 'min16float', possible loss of data [-Wconversion] at C:/Users/Reegon/Documents/TsukiVox_Unity/Library/PackageCache/com.unity.render-pipelines.core@f43b729f1f6e/Runtime/PathTracing/Shaders/LightSampling.hlsl(301) (on d3d11)
Shader warning in 'LightmapAOIntegration': conversion from larger type 'float' to smaller type 'min16float', possible loss of data [-Wconversion] at C:/Users/Reegon/Documents/TsukiVox_Unity/Library/PackageCache/com.unity.render-pipelines.core@f43b729f1f6e/Runtime/PathTracing/Shaders/LightSampling.hlsl(602) (on d3d11)
Shader warning in 'LightmapAOIntegration': conversion from larger type 'float' to smaller type 'min16float', possible loss of data [-Wconversion] at C:/Users/Reegon/Documents/TsukiVox_Unity/Library/PackageCache/com.unity.render-pipelines.core@f43b729f1f6e/ShaderLibrary/CommonLighting.hlsl(90) (on d3d11)
Shader warning in 'LightmapAOIntegration': conversion from larger type 'float' to smaller type 'min16float', possible loss of data [-Wconversion] at C:/Users/Reegon/Documents/TsukiVox_Unity/Library/PackageCache/com.unity.render-pipelines.core@f43b729f1f6e/ShaderLibrary/CommonLighting.hlsl(373) (on d3d11)
Shader warning in 'LightmapAOIntegration': conversion from larger type 'float' to smaller type 'min16float', possible loss of data [-Wconversion] at C:/Users/Reegon/Documents/TsukiVox_Unity/Library/PackageCache/com.unity.render-pipelines.core@f43b729f1f6e/ShaderLibrary/CommonLighting.hlsl(387) (on d3d11)
Shader warning in 'LightmapAOIntegration': conversion from larger type 'float' to smaller type 'min16float', possible loss of data [-Wconversion] at C:/Users/Reegon/Documents/TsukiVox_Unity/Library/PackageCache/com.unity.render-pipelines.core@f43b729f1f6e/ShaderLibrary/CommonLighting.hlsl(388) (on d3d11)
Shader warning in 'LightmapAOIntegration': conversion from larger type 'float' to smaller type 'min16float', possible loss of data [-Wconversion] at C:/Users/Reegon/Documents/TsukiVox_Unity/Library/PackageCache/com.unity.render-pipelines.core@f43b729f1f6e/ShaderLibrary/CommonLighting.hlsl(506) (on d3d11)
Shader warning in 'LightmapAOIntegration': conversion from larger type 'uint' to smaller type 'min16float', possible loss of data [-Wconversion] at C:/Users/Reegon/Documents/TsukiVox_Unity/Library/PackageCache/com.unity.render-pipelines.core@f43b729f1f6e/ShaderLibrary/Sampling/Fibonacci.hlsl(18) (on d3d11)
Shader warning in 'LightmapAOIntegration': conversion from larger type 'uint' to smaller type 'min16float', possible loss of data [-Wconversion] at C:/Users/Reegon/Documents/TsukiVox_Unity/Library/PackageCache/com.unity.render-pipelines.core@f43b729f1f6e/ShaderLibrary/Sampling/Fibonacci.hlsl(29) (on d3d11)
Shader warning in 'LightmapAOIntegration': conversion from larger type 'uint' to smaller type 'min16float', possible loss of data [-Wconversion] at C:/Users/Reegon/Documents/TsukiVox_Unity/Library/PackageCache/com.unity.render-pipelines.core@f43b729f1f6e/ShaderLibrary/Sampling/Fibonacci.hlsl(272) (on d3d11)
Shader warning in 'LightmapAOIntegration': conversion from larger type 'uint' to smaller type 'min16float', possible loss of data [-Wconversion] at C:/Users/Reegon/Documents/TsukiVox_Unity/Library/PackageCache/com.unity.render-pipelines.core@f43b729f1f6e/ShaderLibrary/Sampling/Fibonacci.hlsl(279) (on d3d11)
Shader warning in 'LightmapAOIntegration': conversion from larger type 'float' to smaller type 'min16float', possible loss of data [-Wconversion] at C:/Users/Reegon/Documents/TsukiVox_Unity/Library/PackageCache/com.unity.render-pipelines.core@f43b729f1f6e/ShaderLibrary/Sampling/Hammersley.hlsl(25) (on d3d11)
Shader warning in 'LightmapAOIntegration': conversion from larger type 'float3' to smaller type 'min16float3', possible loss of data [-Wconversion] at C:/Users/Reegon/Documents/TsukiVox_Unity/Library/PackageCache/com.unity.render-pipelines.core@f43b729f1f6e/ShaderLibrary/Sampling/Sampling.hlsl(144) (on d3d11)
Shader warning in 'LightmapAOIntegration': conversion from larger type 'float' to smaller type 'min16float', possible loss of data [-Wconversion] at C:/Users/Reegon/Documents/TsukiVox_Unity/Library/PackageCache/com.unity.render-pipelines.core@f43b729f1f6e/ShaderLibrary/Sampling/Sampling.hlsl(316) (on d3d11)
Shader warning in 'LightmapAOIntegration': conversion from larger type 'float' to smaller type 'min16float', possible loss of data [-Wconversion] at C:/Users/Reegon/Documents/TsukiVox_Unity/Library/PackageCache/com.unity.render-pipelines.core@f43b729f1f6e/ShaderLibrary/Sampling/Sampling.hlsl(317) (on d3d11)
Shader warning in 'LightmapAOIntegration': conversion from larger type 'float' to smaller type 'min16float', possible loss of data [-Wconversion] at C:/Users/Reegon/Documents/TsukiVox_Unity/Library/PackageCache/com.unity.render-pipelines.core@f43b729f1f6e/ShaderLibrary/Sampling/Sampling.hlsl(318) (on d3d11)
    finished in 0.01 seconds. Local cache hits 1, remote cache hits 0, compiled 0 platform variants
Imported 'GUID: 1c410815c01ce1d4d82c645c0cd45747' -> (Import Result ID: '499f160e0d5c6e9299c8a9c12d9aac82') in 0.031 seconds [static and dynamic dependencies]. Details - ImportResultOutputID=c4860f84037489ecf759e61444da2122 DependenciesID=d8fd1fa753aea92457db434b074b0c65 StaticDependenciesID=750dfd3ce8976c275bbe79cdc0d3127f 
Importing 'GUID: 2c32233d92a2d0745930664c087c5c9a - Path: Packages/com.unity.render-pipelines.core/Runtime/PathTracing/Shaders/ProbeIntegrationValidity.urtshader' with importer (ScriptedImporter : Unity.Rendering.LightTransport.Editor:UnityEditor.Rendering.UnifiedRayTracing:UnifiedRTShaderImporter)

Compiling Ray Tracing Shader "ProbeIntegrationValidity.urtshader", keywords = <no keywords>
    finished in 0.01 seconds. Local cache hits 1, remote cache hits 0, compiled 0 platform variants
Imported 'GUID: 2c32233d92a2d0745930664c087c5c9a' -> (Import Result ID: '8a80808658c77373995f0f009b3aed4c') in 0.027 seconds [static and dynamic dependencies]. Details - ImportResultOutputID=d045fd0968aaf0f90e8b683504b8781a DependenciesID=b13c6655d6f193f2a97fe5bc66f2e0e6 StaticDependenciesID=29b4a31e24ae88c796e0b3135dc8eb9b 
Importing 'GUID: ace95ac84e213794891b4bd7c9b3c158 - Path: Packages/com.unity.render-pipelines.core/Runtime/PathTracing/Shaders/LightmapValidityIntegration.urtshader' with importer (ScriptedImporter : Unity.Rendering.LightTransport.Editor:UnityEditor.Rendering.UnifiedRayTracing:UnifiedRTShaderImporter)

Compiling Ray Tracing Shader "LightmapValidityIntegration.urtshader", keywords = <no keywords>
Shader warning in 'LightmapValidityIntegration': conversion from larger type 'float' to smaller type 'min16float', possible loss of data [-Wconversion] at C:/Users/Reegon/Documents/TsukiVox_Unity/Library/PackageCache/com.unity.render-pipelines.core@f43b729f1f6e/Runtime/PathTracing/Environment/EnvironmentImportanceSampling.hlsl(19) (on d3d11)
Shader warning in 'LightmapValidityIntegration': conversion from larger type 'float' to smaller type 'min16float', possible loss of data [-Wconversion] at C:/Users/Reegon/Documents/TsukiVox_Unity/Library/PackageCache/com.unity.render-pipelines.core@f43b729f1f6e/Runtime/PathTracing/Shaders/LightSampling.hlsl(301) (on d3d11)
Shader warning in 'LightmapValidityIntegration': conversion from larger type 'float' to smaller type 'min16float', possible loss of data [-Wconversion] at C:/Users/Reegon/Documents/TsukiVox_Unity/Library/PackageCache/com.unity.render-pipelines.core@f43b729f1f6e/Runtime/PathTracing/Shaders/LightSampling.hlsl(602) (on d3d11)
Shader warning in 'LightmapValidityIntegration': conversion from larger type 'float' to smaller type 'min16float', possible loss of data [-Wconversion] at C:/Users/Reegon/Documents/TsukiVox_Unity/Library/PackageCache/com.unity.render-pipelines.core@f43b729f1f6e/ShaderLibrary/CommonLighting.hlsl(90) (on d3d11)
Shader warning in 'LightmapValidityIntegration': conversion from larger type 'float' to smaller type 'min16float', possible loss of data [-Wconversion] at C:/Users/Reegon/Documents/TsukiVox_Unity/Library/PackageCache/com.unity.render-pipelines.core@f43b729f1f6e/ShaderLibrary/CommonLighting.hlsl(373) (on d3d11)
Shader warning in 'LightmapValidityIntegration': conversion from larger type 'float' to smaller type 'min16float', possible loss of data [-Wconversion] at C:/Users/Reegon/Documents/TsukiVox_Unity/Library/PackageCache/com.unity.render-pipelines.core@f43b729f1f6e/ShaderLibrary/CommonLighting.hlsl(387) (on d3d11)
Shader warning in 'LightmapValidityIntegration': conversion from larger type 'float' to smaller type 'min16float', possible loss of data [-Wconversion] at C:/Users/Reegon/Documents/TsukiVox_Unity/Library/PackageCache/com.unity.render-pipelines.core@f43b729f1f6e/ShaderLibrary/CommonLighting.hlsl(388) (on d3d11)
Shader warning in 'LightmapValidityIntegration': conversion from larger type 'float' to smaller type 'min16float', possible loss of data [-Wconversion] at C:/Users/Reegon/Documents/TsukiVox_Unity/Library/PackageCache/com.unity.render-pipelines.core@f43b729f1f6e/ShaderLibrary/CommonLighting.hlsl(506) (on d3d11)
Shader warning in 'LightmapValidityIntegration': conversion from larger type 'uint' to smaller type 'min16float', possible loss of data [-Wconversion] at C:/Users/Reegon/Documents/TsukiVox_Unity/Library/PackageCache/com.unity.render-pipelines.core@f43b729f1f6e/ShaderLibrary/Sampling/Fibonacci.hlsl(18) (on d3d11)
Shader warning in 'LightmapValidityIntegration': conversion from larger type 'uint' to smaller type 'min16float', possible loss of data [-Wconversion] at C:/Users/Reegon/Documents/TsukiVox_Unity/Library/PackageCache/com.unity.render-pipelines.core@f43b729f1f6e/ShaderLibrary/Sampling/Fibonacci.hlsl(29) (on d3d11)
Shader warning in 'LightmapValidityIntegration': conversion from larger type 'uint' to smaller type 'min16float', possible loss of data [-Wconversion] at C:/Users/Reegon/Documents/TsukiVox_Unity/Library/PackageCache/com.unity.render-pipelines.core@f43b729f1f6e/ShaderLibrary/Sampling/Fibonacci.hlsl(272) (on d3d11)
Shader warning in 'LightmapValidityIntegration': conversion from larger type 'uint' to smaller type 'min16float', possible loss of data [-Wconversion] at C:/Users/Reegon/Documents/TsukiVox_Unity/Library/PackageCache/com.unity.render-pipelines.core@f43b729f1f6e/ShaderLibrary/Sampling/Fibonacci.hlsl(279) (on d3d11)
Shader warning in 'LightmapValidityIntegration': conversion from larger type 'float' to smaller type 'min16float', possible loss of data [-Wconversion] at C:/Users/Reegon/Documents/TsukiVox_Unity/Library/PackageCache/com.unity.render-pipelines.core@f43b729f1f6e/ShaderLibrary/Sampling/Hammersley.hlsl(25) (on d3d11)
Shader warning in 'LightmapValidityIntegration': conversion from larger type 'float3' to smaller type 'min16float3', possible loss of data [-Wconversion] at C:/Users/Reegon/Documents/TsukiVox_Unity/Library/PackageCache/com.unity.render-pipelines.core@f43b729f1f6e/ShaderLibrary/Sampling/Sampling.hlsl(144) (on d3d11)
Shader warning in 'LightmapValidityIntegration': conversion from larger type 'float' to smaller type 'min16float', possible loss of data [-Wconversion] at C:/Users/Reegon/Documents/TsukiVox_Unity/Library/PackageCache/com.unity.render-pipelines.core@f43b729f1f6e/ShaderLibrary/Sampling/Sampling.hlsl(316) (on d3d11)
Shader warning in 'LightmapValidityIntegration': conversion from larger type 'float' to smaller type 'min16float', possible loss of data [-Wconversion] at C:/Users/Reegon/Documents/TsukiVox_Unity/Library/PackageCache/com.unity.render-pipelines.core@f43b729f1f6e/ShaderLibrary/Sampling/Sampling.hlsl(317) (on d3d11)
Shader warning in 'LightmapValidityIntegration': conversion from larger type 'float' to smaller type 'min16float', possible loss of data [-Wconversion] at C:/Users/Reegon/Documents/TsukiVox_Unity/Library/PackageCache/com.unity.render-pipelines.core@f43b729f1f6e/ShaderLibrary/Sampling/Sampling.hlsl(318) (on d3d11)
    finished in 0.01 seconds. Local cache hits 1, remote cache hits 0, compiled 0 platform variants
Imported 'GUID: ace95ac84e213794891b4bd7c9b3c158' -> (Import Result ID: 'c797d9e93cf86b19243ae154334aa27c') in 0.030 seconds [static and dynamic dependencies]. Details - ImportResultOutputID=7340c7c3b65b002f0f5fdc8d3aa4e99e DependenciesID=809d9f0f521bf471e2593f3e7531a8aa StaticDependenciesID=ba52e4c5fecd98843b40eedfc4866f08 
Importing 'GUID: 5ecdabd800f05984696f22ba95284516 - Path: Packages/com.unity.render-pipelines.core/Runtime/PathTracing/Shaders/ProbeIntegrationIndirect.urtshader' with importer (ScriptedImporter : Unity.Rendering.LightTransport.Editor:UnityEditor.Rendering.UnifiedRayTracing:UnifiedRTShaderImporter)

Compiling Ray Tracing Shader "ProbeIntegrationIndirect.urtshader", keywords = <no keywords>
Shader warning in 'ProbeIntegrationIndirect': conversion from larger type 'float' to smaller type 'min16float', possible loss of data [-Wconversion] at C:/Users/Reegon/Documents/TsukiVox_Unity/Library/PackageCache/com.unity.render-pipelines.core@f43b729f1f6e/Runtime/PathTracing/Environment/EnvironmentImportanceSampling.hlsl(19) (on d3d11)
Shader warning in 'ProbeIntegrationIndirect': conversion from larger type 'float' to smaller type 'min16float', possible loss of data [-Wconversion] at C:/Users/Reegon/Documents/TsukiVox_Unity/Library/PackageCache/com.unity.render-pipelines.core@f43b729f1f6e/Runtime/PathTracing/Shaders/LightSampling.hlsl(301) (on d3d11)
Shader warning in 'ProbeIntegrationIndirect': conversion from larger type 'float' to smaller type 'min16float', possible loss of data [-Wconversion] at C:/Users/Reegon/Documents/TsukiVox_Unity/Library/PackageCache/com.unity.render-pipelines.core@f43b729f1f6e/Runtime/PathTracing/Shaders/LightSampling.hlsl(602) (on d3d11)
Shader warning in 'ProbeIntegrationIndirect': conversion from larger type 'float' to smaller type 'min16float', possible loss of data [-Wconversion] at C:/Users/Reegon/Documents/TsukiVox_Unity/Library/PackageCache/com.unity.render-pipelines.core@f43b729f1f6e/ShaderLibrary/CommonLighting.hlsl(90) (on d3d11)
Shader warning in 'ProbeIntegrationIndirect': conversion from larger type 'float' to smaller type 'min16float', possible loss of data [-Wconversion] at C:/Users/Reegon/Documents/TsukiVox_Unity/Library/PackageCache/com.unity.render-pipelines.core@f43b729f1f6e/ShaderLibrary/CommonLighting.hlsl(373) (on d3d11)
Shader warning in 'ProbeIntegrationIndirect': conversion from larger type 'float' to smaller type 'min16float', possible loss of data [-Wconversion] at C:/Users/Reegon/Documents/TsukiVox_Unity/Library/PackageCache/com.unity.render-pipelines.core@f43b729f1f6e/ShaderLibrary/CommonLighting.hlsl(387) (on d3d11)
Shader warning in 'ProbeIntegrationIndirect': conversion from larger type 'float' to smaller type 'min16float', possible loss of data [-Wconversion] at C:/Users/Reegon/Documents/TsukiVox_Unity/Library/PackageCache/com.unity.render-pipelines.core@f43b729f1f6e/ShaderLibrary/CommonLighting.hlsl(388) (on d3d11)
Shader warning in 'ProbeIntegrationIndirect': conversion from larger type 'float' to smaller type 'min16float', possible loss of data [-Wconversion] at C:/Users/Reegon/Documents/TsukiVox_Unity/Library/PackageCache/com.unity.render-pipelines.core@f43b729f1f6e/ShaderLibrary/CommonLighting.hlsl(506) (on d3d11)
Shader warning in 'ProbeIntegrationIndirect': conversion from larger type 'uint' to smaller type 'min16float', possible loss of data [-Wconversion] at C:/Users/Reegon/Documents/TsukiVox_Unity/Library/PackageCache/com.unity.render-pipelines.core@f43b729f1f6e/ShaderLibrary/Sampling/Fibonacci.hlsl(18) (on d3d11)
Shader warning in 'ProbeIntegrationIndirect': conversion from larger type 'uint' to smaller type 'min16float', possible loss of data [-Wconversion] at C:/Users/Reegon/Documents/TsukiVox_Unity/Library/PackageCache/com.unity.render-pipelines.core@f43b729f1f6e/ShaderLibrary/Sampling/Fibonacci.hlsl(29) (on d3d11)
Shader warning in 'ProbeIntegrationIndirect': conversion from larger type 'uint' to smaller type 'min16float', possible loss of data [-Wconversion] at C:/Users/Reegon/Documents/TsukiVox_Unity/Library/PackageCache/com.unity.render-pipelines.core@f43b729f1f6e/ShaderLibrary/Sampling/Fibonacci.hlsl(272) (on d3d11)
Shader warning in 'ProbeIntegrationIndirect': conversion from larger type 'uint' to smaller type 'min16float', possible loss of data [-Wconversion] at C:/Users/Reegon/Documents/TsukiVox_Unity/Library/PackageCache/com.unity.render-pipelines.core@f43b729f1f6e/ShaderLibrary/Sampling/Fibonacci.hlsl(279) (on d3d11)
Shader warning in 'ProbeIntegrationIndirect': conversion from larger type 'float' to smaller type 'min16float', possible loss of data [-Wconversion] at C:/Users/Reegon/Documents/TsukiVox_Unity/Library/PackageCache/com.unity.render-pipelines.core@f43b729f1f6e/ShaderLibrary/Sampling/Hammersley.hlsl(25) (on d3d11)
Shader warning in 'ProbeIntegrationIndirect': conversion from larger type 'float3' to smaller type 'min16float3', possible loss of data [-Wconversion] at C:/Users/Reegon/Documents/TsukiVox_Unity/Library/PackageCache/com.unity.render-pipelines.core@f43b729f1f6e/ShaderLibrary/Sampling/Sampling.hlsl(144) (on d3d11)
Shader warning in 'ProbeIntegrationIndirect': conversion from larger type 'float' to smaller type 'min16float', possible loss of data [-Wconversion] at C:/Users/Reegon/Documents/TsukiVox_Unity/Library/PackageCache/com.unity.render-pipelines.core@f43b729f1f6e/ShaderLibrary/Sampling/Sampling.hlsl(316) (on d3d11)
Shader warning in 'ProbeIntegrationIndirect': conversion from larger type 'float' to smaller type 'min16float', possible loss of data [-Wconversion] at C:/Users/Reegon/Documents/TsukiVox_Unity/Library/PackageCache/com.unity.render-pipelines.core@f43b729f1f6e/ShaderLibrary/Sampling/Sampling.hlsl(317) (on d3d11)
Shader warning in 'ProbeIntegrationIndirect': conversion from larger type 'float' to smaller type 'min16float', possible loss of data [-Wconversion] at C:/Users/Reegon/Documents/TsukiVox_Unity/Library/PackageCache/com.unity.render-pipelines.core@f43b729f1f6e/ShaderLibrary/Sampling/Sampling.hlsl(318) (on d3d11)
    finished in 0.01 seconds. Local cache hits 1, remote cache hits 0, compiled 0 platform variants
Imported 'GUID: 5ecdabd800f05984696f22ba95284516' -> (Import Result ID: '13204baac4a6d202385b04caf383c480') in 0.040 seconds [static and dynamic dependencies]. Details - ImportResultOutputID=28d852e59715bfc93a06322b29475897 DependenciesID=d09177769c0a6ce5de71caf321537ceb StaticDependenciesID=e2c127f94ccdcb83ca23463fb1f2a2e5 
Importing 'GUID: 6e0b547bab30a804c8123974120d583f - Path: Packages/com.unity.render-pipelines.core/Tests/Runtime/PathTracing/PathIteratorTest.urtshader' with importer (ScriptedImporter : Unity.Rendering.LightTransport.Editor:UnityEditor.Rendering.UnifiedRayTracing:UnifiedRTShaderImporter)

Compiling Ray Tracing Shader "PathIteratorTest.urtshader", keywords = <no keywords>
Shader warning in 'PathIteratorTest': conversion from larger type 'float' to smaller type 'min16float', possible loss of data [-Wconversion] at C:/Users/Reegon/Documents/TsukiVox_Unity/Library/PackageCache/com.unity.render-pipelines.core@f43b729f1f6e/Runtime/PathTracing/Environment/EnvironmentImportanceSampling.hlsl(19) (on d3d11)
Shader warning in 'PathIteratorTest': conversion from larger type 'float' to smaller type 'min16float', possible loss of data [-Wconversion] at C:/Users/Reegon/Documents/TsukiVox_Unity/Library/PackageCache/com.unity.render-pipelines.core@f43b729f1f6e/Runtime/PathTracing/Shaders/LightSampling.hlsl(301) (on d3d11)
Shader warning in 'PathIteratorTest': conversion from larger type 'float' to smaller type 'min16float', possible loss of data [-Wconversion] at C:/Users/Reegon/Documents/TsukiVox_Unity/Library/PackageCache/com.unity.render-pipelines.core@f43b729f1f6e/Runtime/PathTracing/Shaders/LightSampling.hlsl(602) (on d3d11)
Shader warning in 'PathIteratorTest': conversion from larger type 'float' to smaller type 'min16float', possible loss of data [-Wconversion] at C:/Users/Reegon/Documents/TsukiVox_Unity/Library/PackageCache/com.unity.render-pipelines.core@f43b729f1f6e/ShaderLibrary/CommonLighting.hlsl(90) (on d3d11)
Shader warning in 'PathIteratorTest': conversion from larger type 'float' to smaller type 'min16float', possible loss of data [-Wconversion] at C:/Users/Reegon/Documents/TsukiVox_Unity/Library/PackageCache/com.unity.render-pipelines.core@f43b729f1f6e/ShaderLibrary/CommonLighting.hlsl(373) (on d3d11)
Shader warning in 'PathIteratorTest': conversion from larger type 'float' to smaller type 'min16float', possible loss of data [-Wconversion] at C:/Users/Reegon/Documents/TsukiVox_Unity/Library/PackageCache/com.unity.render-pipelines.core@f43b729f1f6e/ShaderLibrary/CommonLighting.hlsl(387) (on d3d11)
Shader warning in 'PathIteratorTest': conversion from larger type 'float' to smaller type 'min16float', possible loss of data [-Wconversion] at C:/Users/Reegon/Documents/TsukiVox_Unity/Library/PackageCache/com.unity.render-pipelines.core@f43b729f1f6e/ShaderLibrary/CommonLighting.hlsl(388) (on d3d11)
Shader warning in 'PathIteratorTest': conversion from larger type 'float' to smaller type 'min16float', possible loss of data [-Wconversion] at C:/Users/Reegon/Documents/TsukiVox_Unity/Library/PackageCache/com.unity.render-pipelines.core@f43b729f1f6e/ShaderLibrary/CommonLighting.hlsl(506) (on d3d11)
Shader warning in 'PathIteratorTest': conversion from larger type 'uint' to smaller type 'min16float', possible loss of data [-Wconversion] at C:/Users/Reegon/Documents/TsukiVox_Unity/Library/PackageCache/com.unity.render-pipelines.core@f43b729f1f6e/ShaderLibrary/Sampling/Fibonacci.hlsl(18) (on d3d11)
Shader warning in 'PathIteratorTest': conversion from larger type 'uint' to smaller type 'min16float', possible loss of data [-Wconversion] at C:/Users/Reegon/Documents/TsukiVox_Unity/Library/PackageCache/com.unity.render-pipelines.core@f43b729f1f6e/ShaderLibrary/Sampling/Fibonacci.hlsl(29) (on d3d11)
Shader warning in 'PathIteratorTest': conversion from larger type 'uint' to smaller type 'min16float', possible loss of data [-Wconversion] at C:/Users/Reegon/Documents/TsukiVox_Unity/Library/PackageCache/com.unity.render-pipelines.core@f43b729f1f6e/ShaderLibrary/Sampling/Fibonacci.hlsl(272) (on d3d11)
Shader warning in 'PathIteratorTest': conversion from larger type 'uint' to smaller type 'min16float', possible loss of data [-Wconversion] at C:/Users/Reegon/Documents/TsukiVox_Unity/Library/PackageCache/com.unity.render-pipelines.core@f43b729f1f6e/ShaderLibrary/Sampling/Fibonacci.hlsl(279) (on d3d11)
Shader warning in 'PathIteratorTest': conversion from larger type 'float' to smaller type 'min16float', possible loss of data [-Wconversion] at C:/Users/Reegon/Documents/TsukiVox_Unity/Library/PackageCache/com.unity.render-pipelines.core@f43b729f1f6e/ShaderLibrary/Sampling/Hammersley.hlsl(25) (on d3d11)
Shader warning in 'PathIteratorTest': conversion from larger type 'float3' to smaller type 'min16float3', possible loss of data [-Wconversion] at C:/Users/Reegon/Documents/TsukiVox_Unity/Library/PackageCache/com.unity.render-pipelines.core@f43b729f1f6e/ShaderLibrary/Sampling/Sampling.hlsl(144) (on d3d11)
Shader warning in 'PathIteratorTest': conversion from larger type 'float' to smaller type 'min16float', possible loss of data [-Wconversion] at C:/Users/Reegon/Documents/TsukiVox_Unity/Library/PackageCache/com.unity.render-pipelines.core@f43b729f1f6e/ShaderLibrary/Sampling/Sampling.hlsl(316) (on d3d11)
Shader warning in 'PathIteratorTest': conversion from larger type 'float' to smaller type 'min16float', possible loss of data [-Wconversion] at C:/Users/Reegon/Documents/TsukiVox_Unity/Library/PackageCache/com.unity.render-pipelines.core@f43b729f1f6e/ShaderLibrary/Sampling/Sampling.hlsl(317) (on d3d11)
Shader warning in 'PathIteratorTest': conversion from larger type 'float' to smaller type 'min16float', possible loss of data [-Wconversion] at C:/Users/Reegon/Documents/TsukiVox_Unity/Library/PackageCache/com.unity.render-pipelines.core@f43b729f1f6e/ShaderLibrary/Sampling/Sampling.hlsl(318) (on d3d11)
    finished in 0.01 seconds. Local cache hits 1, remote cache hits 0, compiled 0 platform variants
Imported 'GUID: 6e0b547bab30a804c8123974120d583f' -> (Import Result ID: '6d5fa2f2e8516d54b1eb7085227d18dc') in 0.035 seconds [static and dynamic dependencies]. Details - ImportResultOutputID=92170f5f64897ee422c0237d5ebcfd02 DependenciesID=5e58594c9a06c391f74d367461c1a1fc StaticDependenciesID=109768bf87f2aa9106ce5a61082f1a11 
Importing 'GUID: de3013e16d99f2746ab1735ec06a660b - Path: Packages/com.unity.render-pipelines.core/Runtime/PathTracing/Shaders/ProbeIntegrationOcclusion.urtshader' with importer (ScriptedImporter : Unity.Rendering.LightTransport.Editor:UnityEditor.Rendering.UnifiedRayTracing:UnifiedRTShaderImporter)

Compiling Ray Tracing Shader "ProbeIntegrationOcclusion.urtshader", keywords = <no keywords>
Shader warning in 'ProbeIntegrationOcclusion': conversion from larger type 'float' to smaller type 'min16float', possible loss of data [-Wconversion] at C:/Users/Reegon/Documents/TsukiVox_Unity/Library/PackageCache/com.unity.render-pipelines.core@f43b729f1f6e/Runtime/PathTracing/Environment/EnvironmentImportanceSampling.hlsl(19) (on d3d11)
Shader warning in 'ProbeIntegrationOcclusion': conversion from larger type 'float' to smaller type 'min16float', possible loss of data [-Wconversion] at C:/Users/Reegon/Documents/TsukiVox_Unity/Library/PackageCache/com.unity.render-pipelines.core@f43b729f1f6e/Runtime/PathTracing/Shaders/LightSampling.hlsl(301) (on d3d11)
Shader warning in 'ProbeIntegrationOcclusion': conversion from larger type 'float' to smaller type 'min16float', possible loss of data [-Wconversion] at C:/Users/Reegon/Documents/TsukiVox_Unity/Library/PackageCache/com.unity.render-pipelines.core@f43b729f1f6e/Runtime/PathTracing/Shaders/LightSampling.hlsl(602) (on d3d11)
Shader warning in 'ProbeIntegrationOcclusion': conversion from larger type 'float' to smaller type 'min16float', possible loss of data [-Wconversion] at C:/Users/Reegon/Documents/TsukiVox_Unity/Library/PackageCache/com.unity.render-pipelines.core@f43b729f1f6e/ShaderLibrary/CommonLighting.hlsl(90) (on d3d11)
Shader warning in 'ProbeIntegrationOcclusion': conversion from larger type 'float' to smaller type 'min16float', possible loss of data [-Wconversion] at C:/Users/Reegon/Documents/TsukiVox_Unity/Library/PackageCache/com.unity.render-pipelines.core@f43b729f1f6e/ShaderLibrary/CommonLighting.hlsl(373) (on d3d11)
Shader warning in 'ProbeIntegrationOcclusion': conversion from larger type 'float' to smaller type 'min16float', possible loss of data [-Wconversion] at C:/Users/Reegon/Documents/TsukiVox_Unity/Library/PackageCache/com.unity.render-pipelines.core@f43b729f1f6e/ShaderLibrary/CommonLighting.hlsl(387) (on d3d11)
Shader warning in 'ProbeIntegrationOcclusion': conversion from larger type 'float' to smaller type 'min16float', possible loss of data [-Wconversion] at C:/Users/Reegon/Documents/TsukiVox_Unity/Library/PackageCache/com.unity.render-pipelines.core@f43b729f1f6e/ShaderLibrary/CommonLighting.hlsl(388) (on d3d11)
Shader warning in 'ProbeIntegrationOcclusion': conversion from larger type 'float' to smaller type 'min16float', possible loss of data [-Wconversion] at C:/Users/Reegon/Documents/TsukiVox_Unity/Library/PackageCache/com.unity.render-pipelines.core@f43b729f1f6e/ShaderLibrary/CommonLighting.hlsl(506) (on d3d11)
Shader warning in 'ProbeIntegrationOcclusion': conversion from larger type 'uint' to smaller type 'min16float', possible loss of data [-Wconversion] at C:/Users/Reegon/Documents/TsukiVox_Unity/Library/PackageCache/com.unity.render-pipelines.core@f43b729f1f6e/ShaderLibrary/Sampling/Fibonacci.hlsl(18) (on d3d11)
Shader warning in 'ProbeIntegrationOcclusion': conversion from larger type 'uint' to smaller type 'min16float', possible loss of data [-Wconversion] at C:/Users/Reegon/Documents/TsukiVox_Unity/Library/PackageCache/com.unity.render-pipelines.core@f43b729f1f6e/ShaderLibrary/Sampling/Fibonacci.hlsl(29) (on d3d11)
Shader warning in 'ProbeIntegrationOcclusion': conversion from larger type 'uint' to smaller type 'min16float', possible loss of data [-Wconversion] at C:/Users/Reegon/Documents/TsukiVox_Unity/Library/PackageCache/com.unity.render-pipelines.core@f43b729f1f6e/ShaderLibrary/Sampling/Fibonacci.hlsl(272) (on d3d11)
Shader warning in 'ProbeIntegrationOcclusion': conversion from larger type 'uint' to smaller type 'min16float', possible loss of data [-Wconversion] at C:/Users/Reegon/Documents/TsukiVox_Unity/Library/PackageCache/com.unity.render-pipelines.core@f43b729f1f6e/ShaderLibrary/Sampling/Fibonacci.hlsl(279) (on d3d11)
Shader warning in 'ProbeIntegrationOcclusion': conversion from larger type 'float' to smaller type 'min16float', possible loss of data [-Wconversion] at C:/Users/Reegon/Documents/TsukiVox_Unity/Library/PackageCache/com.unity.render-pipelines.core@f43b729f1f6e/ShaderLibrary/Sampling/Hammersley.hlsl(25) (on d3d11)
Shader warning in 'ProbeIntegrationOcclusion': conversion from larger type 'float3' to smaller type 'min16float3', possible loss of data [-Wconversion] at C:/Users/Reegon/Documents/TsukiVox_Unity/Library/PackageCache/com.unity.render-pipelines.core@f43b729f1f6e/ShaderLibrary/Sampling/Sampling.hlsl(144) (on d3d11)
Shader warning in 'ProbeIntegrationOcclusion': conversion from larger type 'float' to smaller type 'min16float', possible loss of data [-Wconversion] at C:/Users/Reegon/Documents/TsukiVox_Unity/Library/PackageCache/com.unity.render-pipelines.core@f43b729f1f6e/ShaderLibrary/Sampling/Sampling.hlsl(316) (on d3d11)
Shader warning in 'ProbeIntegrationOcclusion': conversion from larger type 'float' to smaller type 'min16float', possible loss of data [-Wconversion] at C:/Users/Reegon/Documents/TsukiVox_Unity/Library/PackageCache/com.unity.render-pipelines.core@f43b729f1f6e/ShaderLibrary/Sampling/Sampling.hlsl(317) (on d3d11)
Shader warning in 'ProbeIntegrationOcclusion': conversion from larger type 'float' to smaller type 'min16float', possible loss of data [-Wconversion] at C:/Users/Reegon/Documents/TsukiVox_Unity/Library/PackageCache/com.unity.render-pipelines.core@f43b729f1f6e/ShaderLibrary/Sampling/Sampling.hlsl(318) (on d3d11)
    finished in 0.00 seconds. Local cache hits 1, remote cache hits 0, compiled 0 platform variants
Imported 'GUID: de3013e16d99f2746ab1735ec06a660b' -> (Import Result ID: 'd134a238cd602d82cf4e63109371da3b') in 0.028 seconds [static and dynamic dependencies]. Details - ImportResultOutputID=9f9199a9d2e6a3d40268555769270c56 DependenciesID=3a8c8ac1cea388b24368d45477b264bd StaticDependenciesID=b27c26bc9001d433eb4742192dec8cdb 
Importing 'GUID: 1f9bfe60b4ad75943a5281839c1a4e5c - Path: Packages/com.unity.render-pipelines.core/Runtime/PathTracing/Shaders/ProbeIntegrationDirect.urtshader' with importer (ScriptedImporter : Unity.Rendering.LightTransport.Editor:UnityEditor.Rendering.UnifiedRayTracing:UnifiedRTShaderImporter)

Compiling Ray Tracing Shader "ProbeIntegrationDirect.urtshader", keywords = <no keywords>
Shader warning in 'ProbeIntegrationDirect': conversion from larger type 'float' to smaller type 'min16float', possible loss of data [-Wconversion] at C:/Users/Reegon/Documents/TsukiVox_Unity/Library/PackageCache/com.unity.render-pipelines.core@f43b729f1f6e/Runtime/PathTracing/Environment/EnvironmentImportanceSampling.hlsl(19) (on d3d11)
Shader warning in 'ProbeIntegrationDirect': conversion from larger type 'float' to smaller type 'min16float', possible loss of data [-Wconversion] at C:/Users/Reegon/Documents/TsukiVox_Unity/Library/PackageCache/com.unity.render-pipelines.core@f43b729f1f6e/Runtime/PathTracing/Shaders/LightSampling.hlsl(301) (on d3d11)
Shader warning in 'ProbeIntegrationDirect': conversion from larger type 'float' to smaller type 'min16float', possible loss of data [-Wconversion] at C:/Users/Reegon/Documents/TsukiVox_Unity/Library/PackageCache/com.unity.render-pipelines.core@f43b729f1f6e/Runtime/PathTracing/Shaders/LightSampling.hlsl(602) (on d3d11)
Shader warning in 'ProbeIntegrationDirect': conversion from larger type 'float' to smaller type 'min16float', possible loss of data [-Wconversion] at C:/Users/Reegon/Documents/TsukiVox_Unity/Library/PackageCache/com.unity.render-pipelines.core@f43b729f1f6e/ShaderLibrary/CommonLighting.hlsl(90) (on d3d11)
Shader warning in 'ProbeIntegrationDirect': conversion from larger type 'float' to smaller type 'min16float', possible loss of data [-Wconversion] at C:/Users/Reegon/Documents/TsukiVox_Unity/Library/PackageCache/com.unity.render-pipelines.core@f43b729f1f6e/ShaderLibrary/CommonLighting.hlsl(373) (on d3d11)
Shader warning in 'ProbeIntegrationDirect': conversion from larger type 'float' to smaller type 'min16float', possible loss of data [-Wconversion] at C:/Users/Reegon/Documents/TsukiVox_Unity/Library/PackageCache/com.unity.render-pipelines.core@f43b729f1f6e/ShaderLibrary/CommonLighting.hlsl(387) (on d3d11)
Shader warning in 'ProbeIntegrationDirect': conversion from larger type 'float' to smaller type 'min16float', possible loss of data [-Wconversion] at C:/Users/Reegon/Documents/TsukiVox_Unity/Library/PackageCache/com.unity.render-pipelines.core@f43b729f1f6e/ShaderLibrary/CommonLighting.hlsl(388) (on d3d11)
Shader warning in 'ProbeIntegrationDirect': conversion from larger type 'float' to smaller type 'min16float', possible loss of data [-Wconversion] at C:/Users/Reegon/Documents/TsukiVox_Unity/Library/PackageCache/com.unity.render-pipelines.core@f43b729f1f6e/ShaderLibrary/CommonLighting.hlsl(506) (on d3d11)
Shader warning in 'ProbeIntegrationDirect': conversion from larger type 'uint' to smaller type 'min16float', possible loss of data [-Wconversion] at C:/Users/Reegon/Documents/TsukiVox_Unity/Library/PackageCache/com.unity.render-pipelines.core@f43b729f1f6e/ShaderLibrary/Sampling/Fibonacci.hlsl(18) (on d3d11)
Shader warning in 'ProbeIntegrationDirect': conversion from larger type 'uint' to smaller type 'min16float', possible loss of data [-Wconversion] at C:/Users/Reegon/Documents/TsukiVox_Unity/Library/PackageCache/com.unity.render-pipelines.core@f43b729f1f6e/ShaderLibrary/Sampling/Fibonacci.hlsl(29) (on d3d11)
Shader warning in 'ProbeIntegrationDirect': conversion from larger type 'uint' to smaller type 'min16float', possible loss of data [-Wconversion] at C:/Users/Reegon/Documents/TsukiVox_Unity/Library/PackageCache/com.unity.render-pipelines.core@f43b729f1f6e/ShaderLibrary/Sampling/Fibonacci.hlsl(272) (on d3d11)
Shader warning in 'ProbeIntegrationDirect': conversion from larger type 'uint' to smaller type 'min16float', possible loss of data [-Wconversion] at C:/Users/Reegon/Documents/TsukiVox_Unity/Library/PackageCache/com.unity.render-pipelines.core@f43b729f1f6e/ShaderLibrary/Sampling/Fibonacci.hlsl(279) (on d3d11)
Shader warning in 'ProbeIntegrationDirect': conversion from larger type 'float' to smaller type 'min16float', possible loss of data [-Wconversion] at C:/Users/Reegon/Documents/TsukiVox_Unity/Library/PackageCache/com.unity.render-pipelines.core@f43b729f1f6e/ShaderLibrary/Sampling/Hammersley.hlsl(25) (on d3d11)
Shader warning in 'ProbeIntegrationDirect': conversion from larger type 'float3' to smaller type 'min16float3', possible loss of data [-Wconversion] at C:/Users/Reegon/Documents/TsukiVox_Unity/Library/PackageCache/com.unity.render-pipelines.core@f43b729f1f6e/ShaderLibrary/Sampling/Sampling.hlsl(144) (on d3d11)
Shader warning in 'ProbeIntegrationDirect': conversion from larger type 'float' to smaller type 'min16float', possible loss of data [-Wconversion] at C:/Users/Reegon/Documents/TsukiVox_Unity/Library/PackageCache/com.unity.render-pipelines.core@f43b729f1f6e/ShaderLibrary/Sampling/Sampling.hlsl(316) (on d3d11)
Shader warning in 'ProbeIntegrationDirect': conversion from larger type 'float' to smaller type 'min16float', possible loss of data [-Wconversion] at C:/Users/Reegon/Documents/TsukiVox_Unity/Library/PackageCache/com.unity.render-pipelines.core@f43b729f1f6e/ShaderLibrary/Sampling/Sampling.hlsl(317) (on d3d11)
Shader warning in 'ProbeIntegrationDirect': conversion from larger type 'float' to smaller type 'min16float', possible loss of data [-Wconversion] at C:/Users/Reegon/Documents/TsukiVox_Unity/Library/PackageCache/com.unity.render-pipelines.core@f43b729f1f6e/ShaderLibrary/Sampling/Sampling.hlsl(318) (on d3d11)
    finished in 0.01 seconds. Local cache hits 1, remote cache hits 0, compiled 0 platform variants
Imported 'GUID: 1f9bfe60b4ad75943a5281839c1a4e5c' -> (Import Result ID: '73b25a8edf0dd4f789c42ef7a76fb79a') in 0.032 seconds [static and dynamic dependencies]. Details - ImportResultOutputID=d15cb61468dda3ed9b125625d6ba3fe4 DependenciesID=0e3b91c23856a0d787e84481951fa7b4 StaticDependenciesID=9976b23c91526db98b62402ee2637b09 
Importing 'GUID: ff2cbab5da58bf04d82c5f34037ed123 - Path: Packages/com.unity.render-pipelines.core/Editor/Lighting/ProbeVolume/VirtualOffset/TraceVirtualOffset.urtshader' with importer (ScriptedImporter : Unity.Rendering.LightTransport.Editor:UnityEditor.Rendering.UnifiedRayTracing:UnifiedRTShaderImporter)

Compiling Ray Tracing Shader "TraceVirtualOffset.urtshader", keywords = <no keywords>
Shader warning in 'TraceVirtualOffset': conversion from larger type 'uint' to smaller type 'min16float', possible loss of data [-Wconversion] at C:/Users/Reegon/Documents/TsukiVox_Unity/Library/PackageCache/com.unity.render-pipelines.core@f43b729f1f6e/ShaderLibrary/Sampling/Fibonacci.hlsl(18) (on d3d11)
Shader warning in 'TraceVirtualOffset': conversion from larger type 'uint' to smaller type 'min16float', possible loss of data [-Wconversion] at C:/Users/Reegon/Documents/TsukiVox_Unity/Library/PackageCache/com.unity.render-pipelines.core@f43b729f1f6e/ShaderLibrary/Sampling/Fibonacci.hlsl(29) (on d3d11)
Shader warning in 'TraceVirtualOffset': conversion from larger type 'uint' to smaller type 'min16float', possible loss of data [-Wconversion] at C:/Users/Reegon/Documents/TsukiVox_Unity/Library/PackageCache/com.unity.render-pipelines.core@f43b729f1f6e/ShaderLibrary/Sampling/Fibonacci.hlsl(272) (on d3d11)
Shader warning in 'TraceVirtualOffset': conversion from larger type 'uint' to smaller type 'min16float', possible loss of data [-Wconversion] at C:/Users/Reegon/Documents/TsukiVox_Unity/Library/PackageCache/com.unity.render-pipelines.core@f43b729f1f6e/ShaderLibrary/Sampling/Fibonacci.hlsl(279) (on d3d11)
Shader warning in 'TraceVirtualOffset': conversion from larger type 'float' to smaller type 'min16float', possible loss of data [-Wconversion] at C:/Users/Reegon/Documents/TsukiVox_Unity/Library/PackageCache/com.unity.render-pipelines.core@f43b729f1f6e/ShaderLibrary/Sampling/Hammersley.hlsl(25) (on d3d11)
Shader warning in 'TraceVirtualOffset': conversion from larger type 'float3' to smaller type 'min16float3', possible loss of data [-Wconversion] at C:/Users/Reegon/Documents/TsukiVox_Unity/Library/PackageCache/com.unity.render-pipelines.core@f43b729f1f6e/ShaderLibrary/Sampling/Sampling.hlsl(144) (on d3d11)
Shader warning in 'TraceVirtualOffset': conversion from larger type 'float' to smaller type 'min16float', possible loss of data [-Wconversion] at C:/Users/Reegon/Documents/TsukiVox_Unity/Library/PackageCache/com.unity.render-pipelines.core@f43b729f1f6e/ShaderLibrary/Sampling/Sampling.hlsl(316) (on d3d11)
Shader warning in 'TraceVirtualOffset': conversion from larger type 'float' to smaller type 'min16float', possible loss of data [-Wconversion] at C:/Users/Reegon/Documents/TsukiVox_Unity/Library/PackageCache/com.unity.render-pipelines.core@f43b729f1f6e/ShaderLibrary/Sampling/Sampling.hlsl(317) (on d3d11)
Shader warning in 'TraceVirtualOffset': conversion from larger type 'float' to smaller type 'min16float', possible loss of data [-Wconversion] at C:/Users/Reegon/Documents/TsukiVox_Unity/Library/PackageCache/com.unity.render-pipelines.core@f43b729f1f6e/ShaderLibrary/Sampling/Sampling.hlsl(318) (on d3d11)
    finished in 0.01 seconds. Local cache hits 1, remote cache hits 0, compiled 0 platform variants
Imported 'GUID: ff2cbab5da58bf04d82c5f34037ed123' -> (Import Result ID: 'bfa2da29460663ffe1162bf8e29e956f') in 0.028 seconds [static and dynamic dependencies]. Details - ImportResultOutputID=1c6fcd01b7b90a65038a2d960158e341 DependenciesID=a79b8f26cffdf6fdbd1573d3b4e24d4d StaticDependenciesID=bb01cef5f5bbfce7bb5614b4f3a2af7b 
Shader warning in 'LightmapShadowMaskIntegration': conversion from larger type 'float' to smaller type 'min16float', possible loss of data [-Wconversion] at C:/Users/Reegon/Documents/TsukiVox_Unity/Library/PackageCache/com.unity.render-pipelines.core@f43b729f1f6e/Runtime/PathTracing/Environment/EnvironmentImportanceSampling.hlsl(19) (on d3d11)
Shader warning in 'LightmapShadowMaskIntegration': conversion from larger type 'float' to smaller type 'min16float', possible loss of data [-Wconversion] at C:/Users/Reegon/Documents/TsukiVox_Unity/Library/PackageCache/com.unity.render-pipelines.core@f43b729f1f6e/Runtime/PathTracing/Shaders/LightSampling.hlsl(301) (on d3d11)
Shader warning in 'LightmapShadowMaskIntegration': conversion from larger type 'float' to smaller type 'min16float', possible loss of data [-Wconversion] at C:/Users/Reegon/Documents/TsukiVox_Unity/Library/PackageCache/com.unity.render-pipelines.core@f43b729f1f6e/Runtime/PathTracing/Shaders/LightSampling.hlsl(602) (on d3d11)
Shader warning in 'LightmapShadowMaskIntegration': conversion from larger type 'float' to smaller type 'min16float', possible loss of data [-Wconversion] at C:/Users/Reegon/Documents/TsukiVox_Unity/Library/PackageCache/com.unity.render-pipelines.core@f43b729f1f6e/ShaderLibrary/CommonLighting.hlsl(90) (on d3d11)
Shader warning in 'LightmapShadowMaskIntegration': conversion from larger type 'float' to smaller type 'min16float', possible loss of data [-Wconversion] at C:/Users/Reegon/Documents/TsukiVox_Unity/Library/PackageCache/com.unity.render-pipelines.core@f43b729f1f6e/ShaderLibrary/CommonLighting.hlsl(373) (on d3d11)
Shader warning in 'LightmapShadowMaskIntegration': conversion from larger type 'float' to smaller type 'min16float', possible loss of data [-Wconversion] at C:/Users/Reegon/Documents/TsukiVox_Unity/Library/PackageCache/com.unity.render-pipelines.core@f43b729f1f6e/ShaderLibrary/CommonLighting.hlsl(387) (on d3d11)
Shader warning in 'LightmapShadowMaskIntegration': conversion from larger type 'float' to smaller type 'min16float', possible loss of data [-Wconversion] at C:/Users/Reegon/Documents/TsukiVox_Unity/Library/PackageCache/com.unity.render-pipelines.core@f43b729f1f6e/ShaderLibrary/CommonLighting.hlsl(388) (on d3d11)
Shader warning in 'LightmapShadowMaskIntegration': conversion from larger type 'float' to smaller type 'min16float', possible loss of data [-Wconversion] at C:/Users/Reegon/Documents/TsukiVox_Unity/Library/PackageCache/com.unity.render-pipelines.core@f43b729f1f6e/ShaderLibrary/CommonLighting.hlsl(506) (on d3d11)
Shader warning in 'LightmapShadowMaskIntegration': conversion from larger type 'uint' to smaller type 'min16float', possible loss of data [-Wconversion] at C:/Users/Reegon/Documents/TsukiVox_Unity/Library/PackageCache/com.unity.render-pipelines.core@f43b729f1f6e/ShaderLibrary/Sampling/Fibonacci.hlsl(18) (on d3d11)
Shader warning in 'LightmapShadowMaskIntegration': conversion from larger type 'uint' to smaller type 'min16float', possible loss of data [-Wconversion] at C:/Users/Reegon/Documents/TsukiVox_Unity/Library/PackageCache/com.unity.render-pipelines.core@f43b729f1f6e/ShaderLibrary/Sampling/Fibonacci.hlsl(29) (on d3d11)
Shader warning in 'LightmapShadowMaskIntegration': conversion from larger type 'uint' to smaller type 'min16float', possible loss of data [-Wconversion] at C:/Users/Reegon/Documents/TsukiVox_Unity/Library/PackageCache/com.unity.render-pipelines.core@f43b729f1f6e/ShaderLibrary/Sampling/Fibonacci.hlsl(272) (on d3d11)
Shader warning in 'LightmapShadowMaskIntegration': conversion from larger type 'uint' to smaller type 'min16float', possible loss of data [-Wconversion] at C:/Users/Reegon/Documents/TsukiVox_Unity/Library/PackageCache/com.unity.render-pipelines.core@f43b729f1f6e/ShaderLibrary/Sampling/Fibonacci.hlsl(279) (on d3d11)
Shader warning in 'LightmapShadowMaskIntegration': conversion from larger type 'float' to smaller type 'min16float', possible loss of data [-Wconversion] at C:/Users/Reegon/Documents/TsukiVox_Unity/Library/PackageCache/com.unity.render-pipelines.core@f43b729f1f6e/ShaderLibrary/Sampling/Hammersley.hlsl(25) (on d3d11)
Shader warning in 'LightmapShadowMaskIntegration': conversion from larger type 'float3' to smaller type 'min16float3', possible loss of data [-Wconversion] at C:/Users/Reegon/Documents/TsukiVox_Unity/Library/PackageCache/com.unity.render-pipelines.core@f43b729f1f6e/ShaderLibrary/Sampling/Sampling.hlsl(144) (on d3d11)
Shader warning in 'LightmapShadowMaskIntegration': conversion from larger type 'float' to smaller type 'min16float', possible loss of data [-Wconversion] at C:/Users/Reegon/Documents/TsukiVox_Unity/Library/PackageCache/com.unity.render-pipelines.core@f43b729f1f6e/ShaderLibrary/Sampling/Sampling.hlsl(316) (on d3d11)
Shader warning in 'LightmapShadowMaskIntegration': conversion from larger type 'float' to smaller type 'min16float', possible loss of data [-Wconversion] at C:/Users/Reegon/Documents/TsukiVox_Unity/Library/PackageCache/com.unity.render-pipelines.core@f43b729f1f6e/ShaderLibrary/Sampling/Sampling.hlsl(317) (on d3d11)
Shader warning in 'LightmapShadowMaskIntegration': conversion from larger type 'float' to smaller type 'min16float', possible loss of data [-Wconversion] at C:/Users/Reegon/Documents/TsukiVox_Unity/Library/PackageCache/com.unity.render-pipelines.core@f43b729f1f6e/ShaderLibrary/Sampling/Sampling.hlsl(318) (on d3d11)
Shader warning in 'LightmapDirectIntegration': conversion from larger type 'float' to smaller type 'min16float', possible loss of data [-Wconversion] at C:/Users/Reegon/Documents/TsukiVox_Unity/Library/PackageCache/com.unity.render-pipelines.core@f43b729f1f6e/Runtime/PathTracing/Environment/EnvironmentImportanceSampling.hlsl(19) (on d3d11)
Shader warning in 'LightmapDirectIntegration': conversion from larger type 'float' to smaller type 'min16float', possible loss of data [-Wconversion] at C:/Users/Reegon/Documents/TsukiVox_Unity/Library/PackageCache/com.unity.render-pipelines.core@f43b729f1f6e/Runtime/PathTracing/Shaders/LightSampling.hlsl(301) (on d3d11)
Shader warning in 'LightmapDirectIntegration': conversion from larger type 'float' to smaller type 'min16float', possible loss of data [-Wconversion] at C:/Users/Reegon/Documents/TsukiVox_Unity/Library/PackageCache/com.unity.render-pipelines.core@f43b729f1f6e/Runtime/PathTracing/Shaders/LightSampling.hlsl(602) (on d3d11)
Shader warning in 'LightmapDirectIntegration': conversion from larger type 'float' to smaller type 'min16float', possible loss of data [-Wconversion] at C:/Users/Reegon/Documents/TsukiVox_Unity/Library/PackageCache/com.unity.render-pipelines.core@f43b729f1f6e/ShaderLibrary/CommonLighting.hlsl(90) (on d3d11)
Shader warning in 'LightmapDirectIntegration': conversion from larger type 'float' to smaller type 'min16float', possible loss of data [-Wconversion] at C:/Users/Reegon/Documents/TsukiVox_Unity/Library/PackageCache/com.unity.render-pipelines.core@f43b729f1f6e/ShaderLibrary/CommonLighting.hlsl(373) (on d3d11)
Shader warning in 'LightmapDirectIntegration': conversion from larger type 'float' to smaller type 'min16float', possible loss of data [-Wconversion] at C:/Users/Reegon/Documents/TsukiVox_Unity/Library/PackageCache/com.unity.render-pipelines.core@f43b729f1f6e/ShaderLibrary/CommonLighting.hlsl(387) (on d3d11)
Shader warning in 'LightmapDirectIntegration': conversion from larger type 'float' to smaller type 'min16float', possible loss of data [-Wconversion] at C:/Users/Reegon/Documents/TsukiVox_Unity/Library/PackageCache/com.unity.render-pipelines.core@f43b729f1f6e/ShaderLibrary/CommonLighting.hlsl(388) (on d3d11)
Shader warning in 'LightmapDirectIntegration': conversion from larger type 'float' to smaller type 'min16float', possible loss of data [-Wconversion] at C:/Users/Reegon/Documents/TsukiVox_Unity/Library/PackageCache/com.unity.render-pipelines.core@f43b729f1f6e/ShaderLibrary/CommonLighting.hlsl(506) (on d3d11)
Shader warning in 'LightmapDirectIntegration': conversion from larger type 'uint' to smaller type 'min16float', possible loss of data [-Wconversion] at C:/Users/Reegon/Documents/TsukiVox_Unity/Library/PackageCache/com.unity.render-pipelines.core@f43b729f1f6e/ShaderLibrary/Sampling/Fibonacci.hlsl(18) (on d3d11)
Shader warning in 'LightmapDirectIntegration': conversion from larger type 'uint' to smaller type 'min16float', possible loss of data [-Wconversion] at C:/Users/Reegon/Documents/TsukiVox_Unity/Library/PackageCache/com.unity.render-pipelines.core@f43b729f1f6e/ShaderLibrary/Sampling/Fibonacci.hlsl(29) (on d3d11)
Shader warning in 'LightmapDirectIntegration': conversion from larger type 'uint' to smaller type 'min16float', possible loss of data [-Wconversion] at C:/Users/Reegon/Documents/TsukiVox_Unity/Library/PackageCache/com.unity.render-pipelines.core@f43b729f1f6e/ShaderLibrary/Sampling/Fibonacci.hlsl(272) (on d3d11)
Shader warning in 'LightmapDirectIntegration': conversion from larger type 'uint' to smaller type 'min16float', possible loss of data [-Wconversion] at C:/Users/Reegon/Documents/TsukiVox_Unity/Library/PackageCache/com.unity.render-pipelines.core@f43b729f1f6e/ShaderLibrary/Sampling/Fibonacci.hlsl(279) (on d3d11)
Shader warning in 'LightmapDirectIntegration': conversion from larger type 'float' to smaller type 'min16float', possible loss of data [-Wconversion] at C:/Users/Reegon/Documents/TsukiVox_Unity/Library/PackageCache/com.unity.render-pipelines.core@f43b729f1f6e/ShaderLibrary/Sampling/Hammersley.hlsl(25) (on d3d11)
Shader warning in 'LightmapDirectIntegration': conversion from larger type 'float3' to smaller type 'min16float3', possible loss of data [-Wconversion] at C:/Users/Reegon/Documents/TsukiVox_Unity/Library/PackageCache/com.unity.render-pipelines.core@f43b729f1f6e/ShaderLibrary/Sampling/Sampling.hlsl(144) (on d3d11)
Shader warning in 'LightmapDirectIntegration': conversion from larger type 'float' to smaller type 'min16float', possible loss of data [-Wconversion] at C:/Users/Reegon/Documents/TsukiVox_Unity/Library/PackageCache/com.unity.render-pipelines.core@f43b729f1f6e/ShaderLibrary/Sampling/Sampling.hlsl(316) (on d3d11)
Shader warning in 'LightmapDirectIntegration': conversion from larger type 'float' to smaller type 'min16float', possible loss of data [-Wconversion] at C:/Users/Reegon/Documents/TsukiVox_Unity/Library/PackageCache/com.unity.render-pipelines.core@f43b729f1f6e/ShaderLibrary/Sampling/Sampling.hlsl(317) (on d3d11)
Shader warning in 'LightmapDirectIntegration': conversion from larger type 'float' to smaller type 'min16float', possible loss of data [-Wconversion] at C:/Users/Reegon/Documents/TsukiVox_Unity/Library/PackageCache/com.unity.render-pipelines.core@f43b729f1f6e/ShaderLibrary/Sampling/Sampling.hlsl(318) (on d3d11)
Shader warning in 'ProbeIntegrationIndirect': conversion from larger type 'float' to smaller type 'min16float', possible loss of data [-Wconversion] at C:/Users/Reegon/Documents/TsukiVox_Unity/Library/PackageCache/com.unity.render-pipelines.core@f43b729f1f6e/Runtime/PathTracing/Environment/EnvironmentImportanceSampling.hlsl(19) (on d3d11)
Shader warning in 'ProbeIntegrationIndirect': conversion from larger type 'float' to smaller type 'min16float', possible loss of data [-Wconversion] at C:/Users/Reegon/Documents/TsukiVox_Unity/Library/PackageCache/com.unity.render-pipelines.core@f43b729f1f6e/Runtime/PathTracing/Shaders/LightSampling.hlsl(301) (on d3d11)
Shader warning in 'ProbeIntegrationIndirect': conversion from larger type 'float' to smaller type 'min16float', possible loss of data [-Wconversion] at C:/Users/Reegon/Documents/TsukiVox_Unity/Library/PackageCache/com.unity.render-pipelines.core@f43b729f1f6e/Runtime/PathTracing/Shaders/LightSampling.hlsl(602) (on d3d11)
Shader warning in 'ProbeIntegrationIndirect': conversion from larger type 'float' to smaller type 'min16float', possible loss of data [-Wconversion] at C:/Users/Reegon/Documents/TsukiVox_Unity/Library/PackageCache/com.unity.render-pipelines.core@f43b729f1f6e/ShaderLibrary/CommonLighting.hlsl(90) (on d3d11)
Shader warning in 'ProbeIntegrationIndirect': conversion from larger type 'float' to smaller type 'min16float', possible loss of data [-Wconversion] at C:/Users/Reegon/Documents/TsukiVox_Unity/Library/PackageCache/com.unity.render-pipelines.core@f43b729f1f6e/ShaderLibrary/CommonLighting.hlsl(373) (on d3d11)
Shader warning in 'ProbeIntegrationIndirect': conversion from larger type 'float' to smaller type 'min16float', possible loss of data [-Wconversion] at C:/Users/Reegon/Documents/TsukiVox_Unity/Library/PackageCache/com.unity.render-pipelines.core@f43b729f1f6e/ShaderLibrary/CommonLighting.hlsl(387) (on d3d11)
Shader warning in 'ProbeIntegrationIndirect': conversion from larger type 'float' to smaller type 'min16float', possible loss of data [-Wconversion] at C:/Users/Reegon/Documents/TsukiVox_Unity/Library/PackageCache/com.unity.render-pipelines.core@f43b729f1f6e/ShaderLibrary/CommonLighting.hlsl(388) (on d3d11)
Shader warning in 'ProbeIntegrationIndirect': conversion from larger type 'float' to smaller type 'min16float', possible loss of data [-Wconversion] at C:/Users/Reegon/Documents/TsukiVox_Unity/Library/PackageCache/com.unity.render-pipelines.core@f43b729f1f6e/ShaderLibrary/CommonLighting.hlsl(506) (on d3d11)
Shader warning in 'ProbeIntegrationIndirect': conversion from larger type 'uint' to smaller type 'min16float', possible loss of data [-Wconversion] at C:/Users/Reegon/Documents/TsukiVox_Unity/Library/PackageCache/com.unity.render-pipelines.core@f43b729f1f6e/ShaderLibrary/Sampling/Fibonacci.hlsl(18) (on d3d11)
Shader warning in 'ProbeIntegrationIndirect': conversion from larger type 'uint' to smaller type 'min16float', possible loss of data [-Wconversion] at C:/Users/Reegon/Documents/TsukiVox_Unity/Library/PackageCache/com.unity.render-pipelines.core@f43b729f1f6e/ShaderLibrary/Sampling/Fibonacci.hlsl(29) (on d3d11)
Shader warning in 'ProbeIntegrationIndirect': conversion from larger type 'uint' to smaller type 'min16float', possible loss of data [-Wconversion] at C:/Users/Reegon/Documents/TsukiVox_Unity/Library/PackageCache/com.unity.render-pipelines.core@f43b729f1f6e/ShaderLibrary/Sampling/Fibonacci.hlsl(272) (on d3d11)
Shader warning in 'ProbeIntegrationIndirect': conversion from larger type 'uint' to smaller type 'min16float', possible loss of data [-Wconversion] at C:/Users/Reegon/Documents/TsukiVox_Unity/Library/PackageCache/com.unity.render-pipelines.core@f43b729f1f6e/ShaderLibrary/Sampling/Fibonacci.hlsl(279) (on d3d11)
Shader warning in 'ProbeIntegrationIndirect': conversion from larger type 'float' to smaller type 'min16float', possible loss of data [-Wconversion] at C:/Users/Reegon/Documents/TsukiVox_Unity/Library/PackageCache/com.unity.render-pipelines.core@f43b729f1f6e/ShaderLibrary/Sampling/Hammersley.hlsl(25) (on d3d11)
Shader warning in 'ProbeIntegrationIndirect': conversion from larger type 'float3' to smaller type 'min16float3', possible loss of data [-Wconversion] at C:/Users/Reegon/Documents/TsukiVox_Unity/Library/PackageCache/com.unity.render-pipelines.core@f43b729f1f6e/ShaderLibrary/Sampling/Sampling.hlsl(144) (on d3d11)
Shader warning in 'ProbeIntegrationIndirect': conversion from larger type 'float' to smaller type 'min16float', possible loss of data [-Wconversion] at C:/Users/Reegon/Documents/TsukiVox_Unity/Library/PackageCache/com.unity.render-pipelines.core@f43b729f1f6e/ShaderLibrary/Sampling/Sampling.hlsl(316) (on d3d11)
Shader warning in 'ProbeIntegrationIndirect': conversion from larger type 'float' to smaller type 'min16float', possible loss of data [-Wconversion] at C:/Users/Reegon/Documents/TsukiVox_Unity/Library/PackageCache/com.unity.render-pipelines.core@f43b729f1f6e/ShaderLibrary/Sampling/Sampling.hlsl(317) (on d3d11)
Shader warning in 'ProbeIntegrationIndirect': conversion from larger type 'float' to smaller type 'min16float', possible loss of data [-Wconversion] at C:/Users/Reegon/Documents/TsukiVox_Unity/Library/PackageCache/com.unity.render-pipelines.core@f43b729f1f6e/ShaderLibrary/Sampling/Sampling.hlsl(318) (on d3d11)
Shader warning in 'PunctualLightSampling': conversion from larger type 'const float' to smaller type 'min16float', possible loss of data [-Wconversion] at C:/Users/Reegon/Documents/TsukiVox_Unity/Library/PackageCache/com.unity.render-pipelines.core@f43b729f1f6e/Runtime/Lighting/SurfaceCache/PunctualLightSampling.hlsl(56) (on d3d11)
Shader warning in 'PunctualLightSampling': conversion from larger type 'float' to smaller type 'min16float', possible loss of data [-Wconversion] at C:/Users/Reegon/Documents/TsukiVox_Unity/Library/PackageCache/com.unity.render-pipelines.core@f43b729f1f6e/Runtime/Lighting/SurfaceCache/PunctualLightSampling.hlsl(56) (on d3d11)
Shader warning in 'PunctualLightSampling': conversion from larger type 'uint' to smaller type 'min16float', possible loss of data [-Wconversion] at C:/Users/Reegon/Documents/TsukiVox_Unity/Library/PackageCache/com.unity.render-pipelines.core@f43b729f1f6e/ShaderLibrary/Sampling/Fibonacci.hlsl(18) (on d3d11)
Shader warning in 'PunctualLightSampling': conversion from larger type 'uint' to smaller type 'min16float', possible loss of data [-Wconversion] at C:/Users/Reegon/Documents/TsukiVox_Unity/Library/PackageCache/com.unity.render-pipelines.core@f43b729f1f6e/ShaderLibrary/Sampling/Fibonacci.hlsl(29) (on d3d11)
Shader warning in 'PunctualLightSampling': conversion from larger type 'uint' to smaller type 'min16float', possible loss of data [-Wconversion] at C:/Users/Reegon/Documents/TsukiVox_Unity/Library/PackageCache/com.unity.render-pipelines.core@f43b729f1f6e/ShaderLibrary/Sampling/Fibonacci.hlsl(272) (on d3d11)
Shader warning in 'PunctualLightSampling': conversion from larger type 'uint' to smaller type 'min16float', possible loss of data [-Wconversion] at C:/Users/Reegon/Documents/TsukiVox_Unity/Library/PackageCache/com.unity.render-pipelines.core@f43b729f1f6e/ShaderLibrary/Sampling/Fibonacci.hlsl(279) (on d3d11)
Shader warning in 'PunctualLightSampling': conversion from larger type 'float' to smaller type 'min16float', possible loss of data [-Wconversion] at C:/Users/Reegon/Documents/TsukiVox_Unity/Library/PackageCache/com.unity.render-pipelines.core@f43b729f1f6e/ShaderLibrary/Sampling/Hammersley.hlsl(25) (on d3d11)
Shader warning in 'PunctualLightSampling': conversion from larger type 'float3' to smaller type 'min16float3', possible loss of data [-Wconversion] at C:/Users/Reegon/Documents/TsukiVox_Unity/Library/PackageCache/com.unity.render-pipelines.core@f43b729f1f6e/ShaderLibrary/Sampling/Sampling.hlsl(144) (on d3d11)
Shader warning in 'PunctualLightSampling': conversion from larger type 'float' to smaller type 'min16float', possible loss of data [-Wconversion] at C:/Users/Reegon/Documents/TsukiVox_Unity/Library/PackageCache/com.unity.render-pipelines.core@f43b729f1f6e/ShaderLibrary/Sampling/Sampling.hlsl(316) (on d3d11)
Shader warning in 'PunctualLightSampling': conversion from larger type 'float' to smaller type 'min16float', possible loss of data [-Wconversion] at C:/Users/Reegon/Documents/TsukiVox_Unity/Library/PackageCache/com.unity.render-pipelines.core@f43b729f1f6e/ShaderLibrary/Sampling/Sampling.hlsl(317) (on d3d11)
Shader warning in 'PunctualLightSampling': conversion from larger type 'float' to smaller type 'min16float', possible loss of data [-Wconversion] at C:/Users/Reegon/Documents/TsukiVox_Unity/Library/PackageCache/com.unity.render-pipelines.core@f43b729f1f6e/ShaderLibrary/Sampling/Sampling.hlsl(318) (on d3d11)
Shader warning in 'LightmapIndirectIntegration': conversion from larger type 'float' to smaller type 'min16float', possible loss of data [-Wconversion] at C:/Users/Reegon/Documents/TsukiVox_Unity/Library/PackageCache/com.unity.render-pipelines.core@f43b729f1f6e/Runtime/PathTracing/Environment/EnvironmentImportanceSampling.hlsl(19) (on d3d11)
Shader warning in 'LightmapIndirectIntegration': conversion from larger type 'float' to smaller type 'min16float', possible loss of data [-Wconversion] at C:/Users/Reegon/Documents/TsukiVox_Unity/Library/PackageCache/com.unity.render-pipelines.core@f43b729f1f6e/Runtime/PathTracing/Shaders/LightSampling.hlsl(301) (on d3d11)
Shader warning in 'LightmapIndirectIntegration': conversion from larger type 'float' to smaller type 'min16float', possible loss of data [-Wconversion] at C:/Users/Reegon/Documents/TsukiVox_Unity/Library/PackageCache/com.unity.render-pipelines.core@f43b729f1f6e/Runtime/PathTracing/Shaders/LightSampling.hlsl(602) (on d3d11)
Shader warning in 'LightmapIndirectIntegration': conversion from larger type 'float' to smaller type 'min16float', possible loss of data [-Wconversion] at C:/Users/Reegon/Documents/TsukiVox_Unity/Library/PackageCache/com.unity.render-pipelines.core@f43b729f1f6e/ShaderLibrary/CommonLighting.hlsl(90) (on d3d11)
Shader warning in 'LightmapIndirectIntegration': conversion from larger type 'float' to smaller type 'min16float', possible loss of data [-Wconversion] at C:/Users/Reegon/Documents/TsukiVox_Unity/Library/PackageCache/com.unity.render-pipelines.core@f43b729f1f6e/ShaderLibrary/CommonLighting.hlsl(373) (on d3d11)
Shader warning in 'LightmapIndirectIntegration': conversion from larger type 'float' to smaller type 'min16float', possible loss of data [-Wconversion] at C:/Users/Reegon/Documents/TsukiVox_Unity/Library/PackageCache/com.unity.render-pipelines.core@f43b729f1f6e/ShaderLibrary/CommonLighting.hlsl(387) (on d3d11)
Shader warning in 'LightmapIndirectIntegration': conversion from larger type 'float' to smaller type 'min16float', possible loss of data [-Wconversion] at C:/Users/Reegon/Documents/TsukiVox_Unity/Library/PackageCache/com.unity.render-pipelines.core@f43b729f1f6e/ShaderLibrary/CommonLighting.hlsl(388) (on d3d11)
Shader warning in 'LightmapIndirectIntegration': conversion from larger type 'float' to smaller type 'min16float', possible loss of data [-Wconversion] at C:/Users/Reegon/Documents/TsukiVox_Unity/Library/PackageCache/com.unity.render-pipelines.core@f43b729f1f6e/ShaderLibrary/CommonLighting.hlsl(506) (on d3d11)
Shader warning in 'LightmapIndirectIntegration': conversion from larger type 'uint' to smaller type 'min16float', possible loss of data [-Wconversion] at C:/Users/Reegon/Documents/TsukiVox_Unity/Library/PackageCache/com.unity.render-pipelines.core@f43b729f1f6e/ShaderLibrary/Sampling/Fibonacci.hlsl(18) (on d3d11)
Shader warning in 'LightmapIndirectIntegration': conversion from larger type 'uint' to smaller type 'min16float', possible loss of data [-Wconversion] at C:/Users/Reegon/Documents/TsukiVox_Unity/Library/PackageCache/com.unity.render-pipelines.core@f43b729f1f6e/ShaderLibrary/Sampling/Fibonacci.hlsl(29) (on d3d11)
Shader warning in 'LightmapIndirectIntegration': conversion from larger type 'uint' to smaller type 'min16float', possible loss of data [-Wconversion] at C:/Users/Reegon/Documents/TsukiVox_Unity/Library/PackageCache/com.unity.render-pipelines.core@f43b729f1f6e/ShaderLibrary/Sampling/Fibonacci.hlsl(272) (on d3d11)
Shader warning in 'LightmapIndirectIntegration': conversion from larger type 'uint' to smaller type 'min16float', possible loss of data [-Wconversion] at C:/Users/Reegon/Documents/TsukiVox_Unity/Library/PackageCache/com.unity.render-pipelines.core@f43b729f1f6e/ShaderLibrary/Sampling/Fibonacci.hlsl(279) (on d3d11)
Shader warning in 'LightmapIndirectIntegration': conversion from larger type 'float' to smaller type 'min16float', possible loss of data [-Wconversion] at C:/Users/Reegon/Documents/TsukiVox_Unity/Library/PackageCache/com.unity.render-pipelines.core@f43b729f1f6e/ShaderLibrary/Sampling/Hammersley.hlsl(25) (on d3d11)
Shader warning in 'LightmapIndirectIntegration': conversion from larger type 'float3' to smaller type 'min16float3', possible loss of data [-Wconversion] at C:/Users/Reegon/Documents/TsukiVox_Unity/Library/PackageCache/com.unity.render-pipelines.core@f43b729f1f6e/ShaderLibrary/Sampling/Sampling.hlsl(144) (on d3d11)
Shader warning in 'LightmapIndirectIntegration': conversion from larger type 'float' to smaller type 'min16float', possible loss of data [-Wconversion] at C:/Users/Reegon/Documents/TsukiVox_Unity/Library/PackageCache/com.unity.render-pipelines.core@f43b729f1f6e/ShaderLibrary/Sampling/Sampling.hlsl(316) (on d3d11)
Shader warning in 'LightmapIndirectIntegration': conversion from larger type 'float' to smaller type 'min16float', possible loss of data [-Wconversion] at C:/Users/Reegon/Documents/TsukiVox_Unity/Library/PackageCache/com.unity.render-pipelines.core@f43b729f1f6e/ShaderLibrary/Sampling/Sampling.hlsl(317) (on d3d11)
Shader warning in 'LightmapIndirectIntegration': conversion from larger type 'float' to smaller type 'min16float', possible loss of data [-Wconversion] at C:/Users/Reegon/Documents/TsukiVox_Unity/Library/PackageCache/com.unity.render-pipelines.core@f43b729f1f6e/ShaderLibrary/Sampling/Sampling.hlsl(318) (on d3d11)
Shader warning in 'LightmapGBufferDebug': conversion from larger type 'float' to smaller type 'min16float', possible loss of data [-Wconversion] at C:/Users/Reegon/Documents/TsukiVox_Unity/Library/PackageCache/com.unity.render-pipelines.core@f43b729f1f6e/Runtime/PathTracing/Environment/EnvironmentImportanceSampling.hlsl(19) (on d3d11)
Shader warning in 'LightmapGBufferDebug': conversion from larger type 'float' to smaller type 'min16float', possible loss of data [-Wconversion] at C:/Users/Reegon/Documents/TsukiVox_Unity/Library/PackageCache/com.unity.render-pipelines.core@f43b729f1f6e/Runtime/PathTracing/Shaders/LightSampling.hlsl(301) (on d3d11)
Shader warning in 'LightmapGBufferDebug': conversion from larger type 'float' to smaller type 'min16float', possible loss of data [-Wconversion] at C:/Users/Reegon/Documents/TsukiVox_Unity/Library/PackageCache/com.unity.render-pipelines.core@f43b729f1f6e/Runtime/PathTracing/Shaders/LightSampling.hlsl(602) (on d3d11)
Shader warning in 'LightmapGBufferDebug': conversion from larger type 'float' to smaller type 'min16float', possible loss of data [-Wconversion] at C:/Users/Reegon/Documents/TsukiVox_Unity/Library/PackageCache/com.unity.render-pipelines.core@f43b729f1f6e/ShaderLibrary/CommonLighting.hlsl(90) (on d3d11)
Shader warning in 'LightmapGBufferDebug': conversion from larger type 'float' to smaller type 'min16float', possible loss of data [-Wconversion] at C:/Users/Reegon/Documents/TsukiVox_Unity/Library/PackageCache/com.unity.render-pipelines.core@f43b729f1f6e/ShaderLibrary/CommonLighting.hlsl(373) (on d3d11)
Shader warning in 'LightmapGBufferDebug': conversion from larger type 'float' to smaller type 'min16float', possible loss of data [-Wconversion] at C:/Users/Reegon/Documents/TsukiVox_Unity/Library/PackageCache/com.unity.render-pipelines.core@f43b729f1f6e/ShaderLibrary/CommonLighting.hlsl(387) (on d3d11)
Shader warning in 'LightmapGBufferDebug': conversion from larger type 'float' to smaller type 'min16float', possible loss of data [-Wconversion] at C:/Users/Reegon/Documents/TsukiVox_Unity/Library/PackageCache/com.unity.render-pipelines.core@f43b729f1f6e/ShaderLibrary/CommonLighting.hlsl(388) (on d3d11)
Shader warning in 'LightmapGBufferDebug': conversion from larger type 'float' to smaller type 'min16float', possible loss of data [-Wconversion] at C:/Users/Reegon/Documents/TsukiVox_Unity/Library/PackageCache/com.unity.render-pipelines.core@f43b729f1f6e/ShaderLibrary/CommonLighting.hlsl(506) (on d3d11)
Shader warning in 'LightmapGBufferDebug': conversion from larger type 'uint' to smaller type 'min16float', possible loss of data [-Wconversion] at C:/Users/Reegon/Documents/TsukiVox_Unity/Library/PackageCache/com.unity.render-pipelines.core@f43b729f1f6e/ShaderLibrary/Sampling/Fibonacci.hlsl(18) (on d3d11)
Shader warning in 'LightmapGBufferDebug': conversion from larger type 'uint' to smaller type 'min16float', possible loss of data [-Wconversion] at C:/Users/Reegon/Documents/TsukiVox_Unity/Library/PackageCache/com.unity.render-pipelines.core@f43b729f1f6e/ShaderLibrary/Sampling/Fibonacci.hlsl(29) (on d3d11)
Shader warning in 'LightmapGBufferDebug': conversion from larger type 'uint' to smaller type 'min16float', possible loss of data [-Wconversion] at C:/Users/Reegon/Documents/TsukiVox_Unity/Library/PackageCache/com.unity.render-pipelines.core@f43b729f1f6e/ShaderLibrary/Sampling/Fibonacci.hlsl(272) (on d3d11)
Shader warning in 'LightmapGBufferDebug': conversion from larger type 'uint' to smaller type 'min16float', possible loss of data [-Wconversion] at C:/Users/Reegon/Documents/TsukiVox_Unity/Library/PackageCache/com.unity.render-pipelines.core@f43b729f1f6e/ShaderLibrary/Sampling/Fibonacci.hlsl(279) (on d3d11)
Shader warning in 'LightmapGBufferDebug': conversion from larger type 'float' to smaller type 'min16float', possible loss of data [-Wconversion] at C:/Users/Reegon/Documents/TsukiVox_Unity/Library/PackageCache/com.unity.render-pipelines.core@f43b729f1f6e/ShaderLibrary/Sampling/Hammersley.hlsl(25) (on d3d11)
Shader warning in 'LightmapGBufferDebug': conversion from larger type 'float3' to smaller type 'min16float3', possible loss of data [-Wconversion] at C:/Users/Reegon/Documents/TsukiVox_Unity/Library/PackageCache/com.unity.render-pipelines.core@f43b729f1f6e/ShaderLibrary/Sampling/Sampling.hlsl(144) (on d3d11)
Shader warning in 'LightmapGBufferDebug': conversion from larger type 'float' to smaller type 'min16float', possible loss of data [-Wconversion] at C:/Users/Reegon/Documents/TsukiVox_Unity/Library/PackageCache/com.unity.render-pipelines.core@f43b729f1f6e/ShaderLibrary/Sampling/Sampling.hlsl(316) (on d3d11)
Shader warning in 'LightmapGBufferDebug': conversion from larger type 'float' to smaller type 'min16float', possible loss of data [-Wconversion] at C:/Users/Reegon/Documents/TsukiVox_Unity/Library/PackageCache/com.unity.render-pipelines.core@f43b729f1f6e/ShaderLibrary/Sampling/Sampling.hlsl(317) (on d3d11)
Shader warning in 'LightmapGBufferDebug': conversion from larger type 'float' to smaller type 'min16float', possible loss of data [-Wconversion] at C:/Users/Reegon/Documents/TsukiVox_Unity/Library/PackageCache/com.unity.render-pipelines.core@f43b729f1f6e/ShaderLibrary/Sampling/Sampling.hlsl(318) (on d3d11)
Shader warning in 'LightmapNormalIntegration': conversion from larger type 'float' to smaller type 'min16float', possible loss of data [-Wconversion] at C:/Users/Reegon/Documents/TsukiVox_Unity/Library/PackageCache/com.unity.render-pipelines.core@f43b729f1f6e/Runtime/PathTracing/Environment/EnvironmentImportanceSampling.hlsl(19) (on d3d11)
Shader warning in 'LightmapNormalIntegration': conversion from larger type 'float' to smaller type 'min16float', possible loss of data [-Wconversion] at C:/Users/Reegon/Documents/TsukiVox_Unity/Library/PackageCache/com.unity.render-pipelines.core@f43b729f1f6e/Runtime/PathTracing/Shaders/LightSampling.hlsl(301) (on d3d11)
Shader warning in 'LightmapNormalIntegration': conversion from larger type 'float' to smaller type 'min16float', possible loss of data [-Wconversion] at C:/Users/Reegon/Documents/TsukiVox_Unity/Library/PackageCache/com.unity.render-pipelines.core@f43b729f1f6e/Runtime/PathTracing/Shaders/LightSampling.hlsl(602) (on d3d11)
Shader warning in 'LightmapNormalIntegration': conversion from larger type 'float' to smaller type 'min16float', possible loss of data [-Wconversion] at C:/Users/Reegon/Documents/TsukiVox_Unity/Library/PackageCache/com.unity.render-pipelines.core@f43b729f1f6e/ShaderLibrary/CommonLighting.hlsl(90) (on d3d11)
Shader warning in 'LightmapNormalIntegration': conversion from larger type 'float' to smaller type 'min16float', possible loss of data [-Wconversion] at C:/Users/Reegon/Documents/TsukiVox_Unity/Library/PackageCache/com.unity.render-pipelines.core@f43b729f1f6e/ShaderLibrary/CommonLighting.hlsl(373) (on d3d11)
Shader warning in 'LightmapNormalIntegration': conversion from larger type 'float' to smaller type 'min16float', possible loss of data [-Wconversion] at C:/Users/Reegon/Documents/TsukiVox_Unity/Library/PackageCache/com.unity.render-pipelines.core@f43b729f1f6e/ShaderLibrary/CommonLighting.hlsl(387) (on d3d11)
Shader warning in 'LightmapNormalIntegration': conversion from larger type 'float' to smaller type 'min16float', possible loss of data [-Wconversion] at C:/Users/Reegon/Documents/TsukiVox_Unity/Library/PackageCache/com.unity.render-pipelines.core@f43b729f1f6e/ShaderLibrary/CommonLighting.hlsl(388) (on d3d11)
Shader warning in 'LightmapNormalIntegration': conversion from larger type 'float' to smaller type 'min16float', possible loss of data [-Wconversion] at C:/Users/Reegon/Documents/TsukiVox_Unity/Library/PackageCache/com.unity.render-pipelines.core@f43b729f1f6e/ShaderLibrary/CommonLighting.hlsl(506) (on d3d11)
Shader warning in 'LightmapNormalIntegration': conversion from larger type 'uint' to smaller type 'min16float', possible loss of data [-Wconversion] at C:/Users/Reegon/Documents/TsukiVox_Unity/Library/PackageCache/com.unity.render-pipelines.core@f43b729f1f6e/ShaderLibrary/Sampling/Fibonacci.hlsl(18) (on d3d11)
Shader warning in 'LightmapNormalIntegration': conversion from larger type 'uint' to smaller type 'min16float', possible loss of data [-Wconversion] at C:/Users/Reegon/Documents/TsukiVox_Unity/Library/PackageCache/com.unity.render-pipelines.core@f43b729f1f6e/ShaderLibrary/Sampling/Fibonacci.hlsl(29) (on d3d11)
Shader warning in 'LightmapNormalIntegration': conversion from larger type 'uint' to smaller type 'min16float', possible loss of data [-Wconversion] at C:/Users/Reegon/Documents/TsukiVox_Unity/Library/PackageCache/com.unity.render-pipelines.core@f43b729f1f6e/ShaderLibrary/Sampling/Fibonacci.hlsl(272) (on d3d11)
Shader warning in 'LightmapNormalIntegration': conversion from larger type 'uint' to smaller type 'min16float', possible loss of data [-Wconversion] at C:/Users/Reegon/Documents/TsukiVox_Unity/Library/PackageCache/com.unity.render-pipelines.core@f43b729f1f6e/ShaderLibrary/Sampling/Fibonacci.hlsl(279) (on d3d11)
Shader warning in 'LightmapNormalIntegration': conversion from larger type 'float' to smaller type 'min16float', possible loss of data [-Wconversion] at C:/Users/Reegon/Documents/TsukiVox_Unity/Library/PackageCache/com.unity.render-pipelines.core@f43b729f1f6e/ShaderLibrary/Sampling/Hammersley.hlsl(25) (on d3d11)
Shader warning in 'LightmapNormalIntegration': conversion from larger type 'float3' to smaller type 'min16float3', possible loss of data [-Wconversion] at C:/Users/Reegon/Documents/TsukiVox_Unity/Library/PackageCache/com.unity.render-pipelines.core@f43b729f1f6e/ShaderLibrary/Sampling/Sampling.hlsl(144) (on d3d11)
Shader warning in 'LightmapNormalIntegration': conversion from larger type 'float' to smaller type 'min16float', possible loss of data [-Wconversion] at C:/Users/Reegon/Documents/TsukiVox_Unity/Library/PackageCache/com.unity.render-pipelines.core@f43b729f1f6e/ShaderLibrary/Sampling/Sampling.hlsl(316) (on d3d11)
Shader warning in 'LightmapNormalIntegration': conversion from larger type 'float' to smaller type 'min16float', possible loss of data [-Wconversion] at C:/Users/Reegon/Documents/TsukiVox_Unity/Library/PackageCache/com.unity.render-pipelines.core@f43b729f1f6e/ShaderLibrary/Sampling/Sampling.hlsl(317) (on d3d11)
Shader warning in 'LightmapNormalIntegration': conversion from larger type 'float' to smaller type 'min16float', possible loss of data [-Wconversion] at C:/Users/Reegon/Documents/TsukiVox_Unity/Library/PackageCache/com.unity.render-pipelines.core@f43b729f1f6e/ShaderLibrary/Sampling/Sampling.hlsl(318) (on d3d11)
Shader warning in 'PathIteratorTest': conversion from larger type 'float' to smaller type 'min16float', possible loss of data [-Wconversion] at C:/Users/Reegon/Documents/TsukiVox_Unity/Library/PackageCache/com.unity.render-pipelines.core@f43b729f1f6e/Runtime/PathTracing/Environment/EnvironmentImportanceSampling.hlsl(19) (on d3d11)
Shader warning in 'PathIteratorTest': conversion from larger type 'float' to smaller type 'min16float', possible loss of data [-Wconversion] at C:/Users/Reegon/Documents/TsukiVox_Unity/Library/PackageCache/com.unity.render-pipelines.core@f43b729f1f6e/Runtime/PathTracing/Shaders/LightSampling.hlsl(301) (on d3d11)
Shader warning in 'PathIteratorTest': conversion from larger type 'float' to smaller type 'min16float', possible loss of data [-Wconversion] at C:/Users/Reegon/Documents/TsukiVox_Unity/Library/PackageCache/com.unity.render-pipelines.core@f43b729f1f6e/Runtime/PathTracing/Shaders/LightSampling.hlsl(602) (on d3d11)
Shader warning in 'PathIteratorTest': conversion from larger type 'float' to smaller type 'min16float', possible loss of data [-Wconversion] at C:/Users/Reegon/Documents/TsukiVox_Unity/Library/PackageCache/com.unity.render-pipelines.core@f43b729f1f6e/ShaderLibrary/CommonLighting.hlsl(90) (on d3d11)
Shader warning in 'PathIteratorTest': conversion from larger type 'float' to smaller type 'min16float', possible loss of data [-Wconversion] at C:/Users/Reegon/Documents/TsukiVox_Unity/Library/PackageCache/com.unity.render-pipelines.core@f43b729f1f6e/ShaderLibrary/CommonLighting.hlsl(373) (on d3d11)
Shader warning in 'PathIteratorTest': conversion from larger type 'float' to smaller type 'min16float', possible loss of data [-Wconversion] at C:/Users/Reegon/Documents/TsukiVox_Unity/Library/PackageCache/com.unity.render-pipelines.core@f43b729f1f6e/ShaderLibrary/CommonLighting.hlsl(387) (on d3d11)
Shader warning in 'PathIteratorTest': conversion from larger type 'float' to smaller type 'min16float', possible loss of data [-Wconversion] at C:/Users/Reegon/Documents/TsukiVox_Unity/Library/PackageCache/com.unity.render-pipelines.core@f43b729f1f6e/ShaderLibrary/CommonLighting.hlsl(388) (on d3d11)
Shader warning in 'PathIteratorTest': conversion from larger type 'float' to smaller type 'min16float', possible loss of data [-Wconversion] at C:/Users/Reegon/Documents/TsukiVox_Unity/Library/PackageCache/com.unity.render-pipelines.core@f43b729f1f6e/ShaderLibrary/CommonLighting.hlsl(506) (on d3d11)
Shader warning in 'PathIteratorTest': conversion from larger type 'uint' to smaller type 'min16float', possible loss of data [-Wconversion] at C:/Users/Reegon/Documents/TsukiVox_Unity/Library/PackageCache/com.unity.render-pipelines.core@f43b729f1f6e/ShaderLibrary/Sampling/Fibonacci.hlsl(18) (on d3d11)
Shader warning in 'PathIteratorTest': conversion from larger type 'uint' to smaller type 'min16float', possible loss of data [-Wconversion] at C:/Users/Reegon/Documents/TsukiVox_Unity/Library/PackageCache/com.unity.render-pipelines.core@f43b729f1f6e/ShaderLibrary/Sampling/Fibonacci.hlsl(29) (on d3d11)
Shader warning in 'PathIteratorTest': conversion from larger type 'uint' to smaller type 'min16float', possible loss of data [-Wconversion] at C:/Users/Reegon/Documents/TsukiVox_Unity/Library/PackageCache/com.unity.render-pipelines.core@f43b729f1f6e/ShaderLibrary/Sampling/Fibonacci.hlsl(272) (on d3d11)
Shader warning in 'PathIteratorTest': conversion from larger type 'uint' to smaller type 'min16float', possible loss of data [-Wconversion] at C:/Users/Reegon/Documents/TsukiVox_Unity/Library/PackageCache/com.unity.render-pipelines.core@f43b729f1f6e/ShaderLibrary/Sampling/Fibonacci.hlsl(279) (on d3d11)
Shader warning in 'PathIteratorTest': conversion from larger type 'float' to smaller type 'min16float', possible loss of data [-Wconversion] at C:/Users/Reegon/Documents/TsukiVox_Unity/Library/PackageCache/com.unity.render-pipelines.core@f43b729f1f6e/ShaderLibrary/Sampling/Hammersley.hlsl(25) (on d3d11)
Shader warning in 'PathIteratorTest': conversion from larger type 'float3' to smaller type 'min16float3', possible loss of data [-Wconversion] at C:/Users/Reegon/Documents/TsukiVox_Unity/Library/PackageCache/com.unity.render-pipelines.core@f43b729f1f6e/ShaderLibrary/Sampling/Sampling.hlsl(144) (on d3d11)
Shader warning in 'PathIteratorTest': conversion from larger type 'float' to smaller type 'min16float', possible loss of data [-Wconversion] at C:/Users/Reegon/Documents/TsukiVox_Unity/Library/PackageCache/com.unity.render-pipelines.core@f43b729f1f6e/ShaderLibrary/Sampling/Sampling.hlsl(316) (on d3d11)
Shader warning in 'PathIteratorTest': conversion from larger type 'float' to smaller type 'min16float', possible loss of data [-Wconversion] at C:/Users/Reegon/Documents/TsukiVox_Unity/Library/PackageCache/com.unity.render-pipelines.core@f43b729f1f6e/ShaderLibrary/Sampling/Sampling.hlsl(317) (on d3d11)
Shader warning in 'PathIteratorTest': conversion from larger type 'float' to smaller type 'min16float', possible loss of data [-Wconversion] at C:/Users/Reegon/Documents/TsukiVox_Unity/Library/PackageCache/com.unity.render-pipelines.core@f43b729f1f6e/ShaderLibrary/Sampling/Sampling.hlsl(318) (on d3d11)
Shader warning in 'ProbeIntegrationDirect': conversion from larger type 'float' to smaller type 'min16float', possible loss of data [-Wconversion] at C:/Users/Reegon/Documents/TsukiVox_Unity/Library/PackageCache/com.unity.render-pipelines.core@f43b729f1f6e/Runtime/PathTracing/Environment/EnvironmentImportanceSampling.hlsl(19) (on d3d11)
Shader warning in 'ProbeIntegrationDirect': conversion from larger type 'float' to smaller type 'min16float', possible loss of data [-Wconversion] at C:/Users/Reegon/Documents/TsukiVox_Unity/Library/PackageCache/com.unity.render-pipelines.core@f43b729f1f6e/Runtime/PathTracing/Shaders/LightSampling.hlsl(301) (on d3d11)
Shader warning in 'ProbeIntegrationDirect': conversion from larger type 'float' to smaller type 'min16float', possible loss of data [-Wconversion] at C:/Users/Reegon/Documents/TsukiVox_Unity/Library/PackageCache/com.unity.render-pipelines.core@f43b729f1f6e/Runtime/PathTracing/Shaders/LightSampling.hlsl(602) (on d3d11)
Shader warning in 'ProbeIntegrationDirect': conversion from larger type 'float' to smaller type 'min16float', possible loss of data [-Wconversion] at C:/Users/Reegon/Documents/TsukiVox_Unity/Library/PackageCache/com.unity.render-pipelines.core@f43b729f1f6e/ShaderLibrary/CommonLighting.hlsl(90) (on d3d11)
Shader warning in 'ProbeIntegrationDirect': conversion from larger type 'float' to smaller type 'min16float', possible loss of data [-Wconversion] at C:/Users/Reegon/Documents/TsukiVox_Unity/Library/PackageCache/com.unity.render-pipelines.core@f43b729f1f6e/ShaderLibrary/CommonLighting.hlsl(373) (on d3d11)
Shader warning in 'ProbeIntegrationDirect': conversion from larger type 'float' to smaller type 'min16float', possible loss of data [-Wconversion] at C:/Users/Reegon/Documents/TsukiVox_Unity/Library/PackageCache/com.unity.render-pipelines.core@f43b729f1f6e/ShaderLibrary/CommonLighting.hlsl(387) (on d3d11)
Shader warning in 'ProbeIntegrationDirect': conversion from larger type 'float' to smaller type 'min16float', possible loss of data [-Wconversion] at C:/Users/Reegon/Documents/TsukiVox_Unity/Library/PackageCache/com.unity.render-pipelines.core@f43b729f1f6e/ShaderLibrary/CommonLighting.hlsl(388) (on d3d11)
Shader warning in 'ProbeIntegrationDirect': conversion from larger type 'float' to smaller type 'min16float', possible loss of data [-Wconversion] at C:/Users/Reegon/Documents/TsukiVox_Unity/Library/PackageCache/com.unity.render-pipelines.core@f43b729f1f6e/ShaderLibrary/CommonLighting.hlsl(506) (on d3d11)
Shader warning in 'ProbeIntegrationDirect': conversion from larger type 'uint' to smaller type 'min16float', possible loss of data [-Wconversion] at C:/Users/Reegon/Documents/TsukiVox_Unity/Library/PackageCache/com.unity.render-pipelines.core@f43b729f1f6e/ShaderLibrary/Sampling/Fibonacci.hlsl(18) (on d3d11)
Shader warning in 'ProbeIntegrationDirect': conversion from larger type 'uint' to smaller type 'min16float', possible loss of data [-Wconversion] at C:/Users/Reegon/Documents/TsukiVox_Unity/Library/PackageCache/com.unity.render-pipelines.core@f43b729f1f6e/ShaderLibrary/Sampling/Fibonacci.hlsl(29) (on d3d11)
Shader warning in 'ProbeIntegrationDirect': conversion from larger type 'uint' to smaller type 'min16float', possible loss of data [-Wconversion] at C:/Users/Reegon/Documents/TsukiVox_Unity/Library/PackageCache/com.unity.render-pipelines.core@f43b729f1f6e/ShaderLibrary/Sampling/Fibonacci.hlsl(272) (on d3d11)
Shader warning in 'ProbeIntegrationDirect': conversion from larger type 'uint' to smaller type 'min16float', possible loss of data [-Wconversion] at C:/Users/Reegon/Documents/TsukiVox_Unity/Library/PackageCache/com.unity.render-pipelines.core@f43b729f1f6e/ShaderLibrary/Sampling/Fibonacci.hlsl(279) (on d3d11)
Shader warning in 'ProbeIntegrationDirect': conversion from larger type 'float' to smaller type 'min16float', possible loss of data [-Wconversion] at C:/Users/Reegon/Documents/TsukiVox_Unity/Library/PackageCache/com.unity.render-pipelines.core@f43b729f1f6e/ShaderLibrary/Sampling/Hammersley.hlsl(25) (on d3d11)
Shader warning in 'ProbeIntegrationDirect': conversion from larger type 'float3' to smaller type 'min16float3', possible loss of data [-Wconversion] at C:/Users/Reegon/Documents/TsukiVox_Unity/Library/PackageCache/com.unity.render-pipelines.core@f43b729f1f6e/ShaderLibrary/Sampling/Sampling.hlsl(144) (on d3d11)
Shader warning in 'ProbeIntegrationDirect': conversion from larger type 'float' to smaller type 'min16float', possible loss of data [-Wconversion] at C:/Users/Reegon/Documents/TsukiVox_Unity/Library/PackageCache/com.unity.render-pipelines.core@f43b729f1f6e/ShaderLibrary/Sampling/Sampling.hlsl(316) (on d3d11)
Shader warning in 'ProbeIntegrationDirect': conversion from larger type 'float' to smaller type 'min16float', possible loss of data [-Wconversion] at C:/Users/Reegon/Documents/TsukiVox_Unity/Library/PackageCache/com.unity.render-pipelines.core@f43b729f1f6e/ShaderLibrary/Sampling/Sampling.hlsl(317) (on d3d11)
Shader warning in 'ProbeIntegrationDirect': conversion from larger type 'float' to smaller type 'min16float', possible loss of data [-Wconversion] at C:/Users/Reegon/Documents/TsukiVox_Unity/Library/PackageCache/com.unity.render-pipelines.core@f43b729f1f6e/ShaderLibrary/Sampling/Sampling.hlsl(318) (on d3d11)
Shader warning in 'TraceVirtualOffset': conversion from larger type 'uint' to smaller type 'min16float', possible loss of data [-Wconversion] at C:/Users/Reegon/Documents/TsukiVox_Unity/Library/PackageCache/com.unity.render-pipelines.core@f43b729f1f6e/ShaderLibrary/Sampling/Fibonacci.hlsl(18) (on d3d11)
Shader warning in 'TraceVirtualOffset': conversion from larger type 'uint' to smaller type 'min16float', possible loss of data [-Wconversion] at C:/Users/Reegon/Documents/TsukiVox_Unity/Library/PackageCache/com.unity.render-pipelines.core@f43b729f1f6e/ShaderLibrary/Sampling/Fibonacci.hlsl(29) (on d3d11)
Shader warning in 'TraceVirtualOffset': conversion from larger type 'uint' to smaller type 'min16float', possible loss of data [-Wconversion] at C:/Users/Reegon/Documents/TsukiVox_Unity/Library/PackageCache/com.unity.render-pipelines.core@f43b729f1f6e/ShaderLibrary/Sampling/Fibonacci.hlsl(272) (on d3d11)
Shader warning in 'TraceVirtualOffset': conversion from larger type 'uint' to smaller type 'min16float', possible loss of data [-Wconversion] at C:/Users/Reegon/Documents/TsukiVox_Unity/Library/PackageCache/com.unity.render-pipelines.core@f43b729f1f6e/ShaderLibrary/Sampling/Fibonacci.hlsl(279) (on d3d11)
Shader warning in 'TraceVirtualOffset': conversion from larger type 'float' to smaller type 'min16float', possible loss of data [-Wconversion] at C:/Users/Reegon/Documents/TsukiVox_Unity/Library/PackageCache/com.unity.render-pipelines.core@f43b729f1f6e/ShaderLibrary/Sampling/Hammersley.hlsl(25) (on d3d11)
Shader warning in 'TraceVirtualOffset': conversion from larger type 'float3' to smaller type 'min16float3', possible loss of data [-Wconversion] at C:/Users/Reegon/Documents/TsukiVox_Unity/Library/PackageCache/com.unity.render-pipelines.core@f43b729f1f6e/ShaderLibrary/Sampling/Sampling.hlsl(144) (on d3d11)
Shader warning in 'TraceVirtualOffset': conversion from larger type 'float' to smaller type 'min16float', possible loss of data [-Wconversion] at C:/Users/Reegon/Documents/TsukiVox_Unity/Library/PackageCache/com.unity.render-pipelines.core@f43b729f1f6e/ShaderLibrary/Sampling/Sampling.hlsl(316) (on d3d11)
Shader warning in 'TraceVirtualOffset': conversion from larger type 'float' to smaller type 'min16float', possible loss of data [-Wconversion] at C:/Users/Reegon/Documents/TsukiVox_Unity/Library/PackageCache/com.unity.render-pipelines.core@f43b729f1f6e/ShaderLibrary/Sampling/Sampling.hlsl(317) (on d3d11)
Shader warning in 'TraceVirtualOffset': conversion from larger type 'float' to smaller type 'min16float', possible loss of data [-Wconversion] at C:/Users/Reegon/Documents/TsukiVox_Unity/Library/PackageCache/com.unity.render-pipelines.core@f43b729f1f6e/ShaderLibrary/Sampling/Sampling.hlsl(318) (on d3d11)
Shader warning in 'LightmapValidityIntegration': conversion from larger type 'float' to smaller type 'min16float', possible loss of data [-Wconversion] at C:/Users/Reegon/Documents/TsukiVox_Unity/Library/PackageCache/com.unity.render-pipelines.core@f43b729f1f6e/Runtime/PathTracing/Environment/EnvironmentImportanceSampling.hlsl(19) (on d3d11)
Shader warning in 'LightmapValidityIntegration': conversion from larger type 'float' to smaller type 'min16float', possible loss of data [-Wconversion] at C:/Users/Reegon/Documents/TsukiVox_Unity/Library/PackageCache/com.unity.render-pipelines.core@f43b729f1f6e/Runtime/PathTracing/Shaders/LightSampling.hlsl(301) (on d3d11)
Shader warning in 'LightmapValidityIntegration': conversion from larger type 'float' to smaller type 'min16float', possible loss of data [-Wconversion] at C:/Users/Reegon/Documents/TsukiVox_Unity/Library/PackageCache/com.unity.render-pipelines.core@f43b729f1f6e/Runtime/PathTracing/Shaders/LightSampling.hlsl(602) (on d3d11)
Shader warning in 'LightmapValidityIntegration': conversion from larger type 'float' to smaller type 'min16float', possible loss of data [-Wconversion] at C:/Users/Reegon/Documents/TsukiVox_Unity/Library/PackageCache/com.unity.render-pipelines.core@f43b729f1f6e/ShaderLibrary/CommonLighting.hlsl(90) (on d3d11)
Shader warning in 'LightmapValidityIntegration': conversion from larger type 'float' to smaller type 'min16float', possible loss of data [-Wconversion] at C:/Users/Reegon/Documents/TsukiVox_Unity/Library/PackageCache/com.unity.render-pipelines.core@f43b729f1f6e/ShaderLibrary/CommonLighting.hlsl(373) (on d3d11)
Shader warning in 'LightmapValidityIntegration': conversion from larger type 'float' to smaller type 'min16float', possible loss of data [-Wconversion] at C:/Users/Reegon/Documents/TsukiVox_Unity/Library/PackageCache/com.unity.render-pipelines.core@f43b729f1f6e/ShaderLibrary/CommonLighting.hlsl(387) (on d3d11)
Shader warning in 'LightmapValidityIntegration': conversion from larger type 'float' to smaller type 'min16float', possible loss of data [-Wconversion] at C:/Users/Reegon/Documents/TsukiVox_Unity/Library/PackageCache/com.unity.render-pipelines.core@f43b729f1f6e/ShaderLibrary/CommonLighting.hlsl(388) (on d3d11)
Shader warning in 'LightmapValidityIntegration': conversion from larger type 'float' to smaller type 'min16float', possible loss of data [-Wconversion] at C:/Users/Reegon/Documents/TsukiVox_Unity/Library/PackageCache/com.unity.render-pipelines.core@f43b729f1f6e/ShaderLibrary/CommonLighting.hlsl(506) (on d3d11)
Shader warning in 'LightmapValidityIntegration': conversion from larger type 'uint' to smaller type 'min16float', possible loss of data [-Wconversion] at C:/Users/Reegon/Documents/TsukiVox_Unity/Library/PackageCache/com.unity.render-pipelines.core@f43b729f1f6e/ShaderLibrary/Sampling/Fibonacci.hlsl(18) (on d3d11)
Shader warning in 'LightmapValidityIntegration': conversion from larger type 'uint' to smaller type 'min16float', possible loss of data [-Wconversion] at C:/Users/Reegon/Documents/TsukiVox_Unity/Library/PackageCache/com.unity.render-pipelines.core@f43b729f1f6e/ShaderLibrary/Sampling/Fibonacci.hlsl(29) (on d3d11)
Shader warning in 'LightmapValidityIntegration': conversion from larger type 'uint' to smaller type 'min16float', possible loss of data [-Wconversion] at C:/Users/Reegon/Documents/TsukiVox_Unity/Library/PackageCache/com.unity.render-pipelines.core@f43b729f1f6e/ShaderLibrary/Sampling/Fibonacci.hlsl(272) (on d3d11)
Shader warning in 'LightmapValidityIntegration': conversion from larger type 'uint' to smaller type 'min16float', possible loss of data [-Wconversion] at C:/Users/Reegon/Documents/TsukiVox_Unity/Library/PackageCache/com.unity.render-pipelines.core@f43b729f1f6e/ShaderLibrary/Sampling/Fibonacci.hlsl(279) (on d3d11)
Shader warning in 'LightmapValidityIntegration': conversion from larger type 'float' to smaller type 'min16float', possible loss of data [-Wconversion] at C:/Users/Reegon/Documents/TsukiVox_Unity/Library/PackageCache/com.unity.render-pipelines.core@f43b729f1f6e/ShaderLibrary/Sampling/Hammersley.hlsl(25) (on d3d11)
Shader warning in 'LightmapValidityIntegration': conversion from larger type 'float3' to smaller type 'min16float3', possible loss of data [-Wconversion] at C:/Users/Reegon/Documents/TsukiVox_Unity/Library/PackageCache/com.unity.render-pipelines.core@f43b729f1f6e/ShaderLibrary/Sampling/Sampling.hlsl(144) (on d3d11)
Shader warning in 'LightmapValidityIntegration': conversion from larger type 'float' to smaller type 'min16float', possible loss of data [-Wconversion] at C:/Users/Reegon/Documents/TsukiVox_Unity/Library/PackageCache/com.unity.render-pipelines.core@f43b729f1f6e/ShaderLibrary/Sampling/Sampling.hlsl(316) (on d3d11)
Shader warning in 'LightmapValidityIntegration': conversion from larger type 'float' to smaller type 'min16float', possible loss of data [-Wconversion] at C:/Users/Reegon/Documents/TsukiVox_Unity/Library/PackageCache/com.unity.render-pipelines.core@f43b729f1f6e/ShaderLibrary/Sampling/Sampling.hlsl(317) (on d3d11)
Shader warning in 'LightmapValidityIntegration': conversion from larger type 'float' to smaller type 'min16float', possible loss of data [-Wconversion] at C:/Users/Reegon/Documents/TsukiVox_Unity/Library/PackageCache/com.unity.render-pipelines.core@f43b729f1f6e/ShaderLibrary/Sampling/Sampling.hlsl(318) (on d3d11)
Shader warning in 'ProbeIntegrationOcclusion': conversion from larger type 'float' to smaller type 'min16float', possible loss of data [-Wconversion] at C:/Users/Reegon/Documents/TsukiVox_Unity/Library/PackageCache/com.unity.render-pipelines.core@f43b729f1f6e/Runtime/PathTracing/Environment/EnvironmentImportanceSampling.hlsl(19) (on d3d11)
Shader warning in 'ProbeIntegrationOcclusion': conversion from larger type 'float' to smaller type 'min16float', possible loss of data [-Wconversion] at C:/Users/Reegon/Documents/TsukiVox_Unity/Library/PackageCache/com.unity.render-pipelines.core@f43b729f1f6e/Runtime/PathTracing/Shaders/LightSampling.hlsl(301) (on d3d11)
Shader warning in 'ProbeIntegrationOcclusion': conversion from larger type 'float' to smaller type 'min16float', possible loss of data [-Wconversion] at C:/Users/Reegon/Documents/TsukiVox_Unity/Library/PackageCache/com.unity.render-pipelines.core@f43b729f1f6e/Runtime/PathTracing/Shaders/LightSampling.hlsl(602) (on d3d11)
Shader warning in 'ProbeIntegrationOcclusion': conversion from larger type 'float' to smaller type 'min16float', possible loss of data [-Wconversion] at C:/Users/Reegon/Documents/TsukiVox_Unity/Library/PackageCache/com.unity.render-pipelines.core@f43b729f1f6e/ShaderLibrary/CommonLighting.hlsl(90) (on d3d11)
Shader warning in 'ProbeIntegrationOcclusion': conversion from larger type 'float' to smaller type 'min16float', possible loss of data [-Wconversion] at C:/Users/Reegon/Documents/TsukiVox_Unity/Library/PackageCache/com.unity.render-pipelines.core@f43b729f1f6e/ShaderLibrary/CommonLighting.hlsl(373) (on d3d11)
Shader warning in 'ProbeIntegrationOcclusion': conversion from larger type 'float' to smaller type 'min16float', possible loss of data [-Wconversion] at C:/Users/Reegon/Documents/TsukiVox_Unity/Library/PackageCache/com.unity.render-pipelines.core@f43b729f1f6e/ShaderLibrary/CommonLighting.hlsl(387) (on d3d11)
Shader warning in 'ProbeIntegrationOcclusion': conversion from larger type 'float' to smaller type 'min16float', possible loss of data [-Wconversion] at C:/Users/Reegon/Documents/TsukiVox_Unity/Library/PackageCache/com.unity.render-pipelines.core@f43b729f1f6e/ShaderLibrary/CommonLighting.hlsl(388) (on d3d11)
Shader warning in 'ProbeIntegrationOcclusion': conversion from larger type 'float' to smaller type 'min16float', possible loss of data [-Wconversion] at C:/Users/Reegon/Documents/TsukiVox_Unity/Library/PackageCache/com.unity.render-pipelines.core@f43b729f1f6e/ShaderLibrary/CommonLighting.hlsl(506) (on d3d11)
Shader warning in 'ProbeIntegrationOcclusion': conversion from larger type 'uint' to smaller type 'min16float', possible loss of data [-Wconversion] at C:/Users/Reegon/Documents/TsukiVox_Unity/Library/PackageCache/com.unity.render-pipelines.core@f43b729f1f6e/ShaderLibrary/Sampling/Fibonacci.hlsl(18) (on d3d11)
Shader warning in 'ProbeIntegrationOcclusion': conversion from larger type 'uint' to smaller type 'min16float', possible loss of data [-Wconversion] at C:/Users/Reegon/Documents/TsukiVox_Unity/Library/PackageCache/com.unity.render-pipelines.core@f43b729f1f6e/ShaderLibrary/Sampling/Fibonacci.hlsl(29) (on d3d11)
Shader warning in 'ProbeIntegrationOcclusion': conversion from larger type 'uint' to smaller type 'min16float', possible loss of data [-Wconversion] at C:/Users/Reegon/Documents/TsukiVox_Unity/Library/PackageCache/com.unity.render-pipelines.core@f43b729f1f6e/ShaderLibrary/Sampling/Fibonacci.hlsl(272) (on d3d11)
Shader warning in 'ProbeIntegrationOcclusion': conversion from larger type 'uint' to smaller type 'min16float', possible loss of data [-Wconversion] at C:/Users/Reegon/Documents/TsukiVox_Unity/Library/PackageCache/com.unity.render-pipelines.core@f43b729f1f6e/ShaderLibrary/Sampling/Fibonacci.hlsl(279) (on d3d11)
Shader warning in 'ProbeIntegrationOcclusion': conversion from larger type 'float' to smaller type 'min16float', possible loss of data [-Wconversion] at C:/Users/Reegon/Documents/TsukiVox_Unity/Library/PackageCache/com.unity.render-pipelines.core@f43b729f1f6e/ShaderLibrary/Sampling/Hammersley.hlsl(25) (on d3d11)
Shader warning in 'ProbeIntegrationOcclusion': conversion from larger type 'float3' to smaller type 'min16float3', possible loss of data [-Wconversion] at C:/Users/Reegon/Documents/TsukiVox_Unity/Library/PackageCache/com.unity.render-pipelines.core@f43b729f1f6e/ShaderLibrary/Sampling/Sampling.hlsl(144) (on d3d11)
Shader warning in 'ProbeIntegrationOcclusion': conversion from larger type 'float' to smaller type 'min16float', possible loss of data [-Wconversion] at C:/Users/Reegon/Documents/TsukiVox_Unity/Library/PackageCache/com.unity.render-pipelines.core@f43b729f1f6e/ShaderLibrary/Sampling/Sampling.hlsl(316) (on d3d11)
Shader warning in 'ProbeIntegrationOcclusion': conversion from larger type 'float' to smaller type 'min16float', possible loss of data [-Wconversion] at C:/Users/Reegon/Documents/TsukiVox_Unity/Library/PackageCache/com.unity.render-pipelines.core@f43b729f1f6e/ShaderLibrary/Sampling/Sampling.hlsl(317) (on d3d11)
Shader warning in 'ProbeIntegrationOcclusion': conversion from larger type 'float' to smaller type 'min16float', possible loss of data [-Wconversion] at C:/Users/Reegon/Documents/TsukiVox_Unity/Library/PackageCache/com.unity.render-pipelines.core@f43b729f1f6e/ShaderLibrary/Sampling/Sampling.hlsl(318) (on d3d11)
Shader warning in 'LightmapAOIntegration': conversion from larger type 'float' to smaller type 'min16float', possible loss of data [-Wconversion] at C:/Users/Reegon/Documents/TsukiVox_Unity/Library/PackageCache/com.unity.render-pipelines.core@f43b729f1f6e/Runtime/PathTracing/Environment/EnvironmentImportanceSampling.hlsl(19) (on d3d11)
Shader warning in 'LightmapAOIntegration': conversion from larger type 'float' to smaller type 'min16float', possible loss of data [-Wconversion] at C:/Users/Reegon/Documents/TsukiVox_Unity/Library/PackageCache/com.unity.render-pipelines.core@f43b729f1f6e/Runtime/PathTracing/Shaders/LightSampling.hlsl(301) (on d3d11)
Shader warning in 'LightmapAOIntegration': conversion from larger type 'float' to smaller type 'min16float', possible loss of data [-Wconversion] at C:/Users/Reegon/Documents/TsukiVox_Unity/Library/PackageCache/com.unity.render-pipelines.core@f43b729f1f6e/Runtime/PathTracing/Shaders/LightSampling.hlsl(602) (on d3d11)
Shader warning in 'LightmapAOIntegration': conversion from larger type 'float' to smaller type 'min16float', possible loss of data [-Wconversion] at C:/Users/Reegon/Documents/TsukiVox_Unity/Library/PackageCache/com.unity.render-pipelines.core@f43b729f1f6e/ShaderLibrary/CommonLighting.hlsl(90) (on d3d11)
Shader warning in 'LightmapAOIntegration': conversion from larger type 'float' to smaller type 'min16float', possible loss of data [-Wconversion] at C:/Users/Reegon/Documents/TsukiVox_Unity/Library/PackageCache/com.unity.render-pipelines.core@f43b729f1f6e/ShaderLibrary/CommonLighting.hlsl(373) (on d3d11)
Shader warning in 'LightmapAOIntegration': conversion from larger type 'float' to smaller type 'min16float', possible loss of data [-Wconversion] at C:/Users/Reegon/Documents/TsukiVox_Unity/Library/PackageCache/com.unity.render-pipelines.core@f43b729f1f6e/ShaderLibrary/CommonLighting.hlsl(387) (on d3d11)
Shader warning in 'LightmapAOIntegration': conversion from larger type 'float' to smaller type 'min16float', possible loss of data [-Wconversion] at C:/Users/Reegon/Documents/TsukiVox_Unity/Library/PackageCache/com.unity.render-pipelines.core@f43b729f1f6e/ShaderLibrary/CommonLighting.hlsl(388) (on d3d11)
Shader warning in 'LightmapAOIntegration': conversion from larger type 'float' to smaller type 'min16float', possible loss of data [-Wconversion] at C:/Users/Reegon/Documents/TsukiVox_Unity/Library/PackageCache/com.unity.render-pipelines.core@f43b729f1f6e/ShaderLibrary/CommonLighting.hlsl(506) (on d3d11)
Shader warning in 'LightmapAOIntegration': conversion from larger type 'uint' to smaller type 'min16float', possible loss of data [-Wconversion] at C:/Users/Reegon/Documents/TsukiVox_Unity/Library/PackageCache/com.unity.render-pipelines.core@f43b729f1f6e/ShaderLibrary/Sampling/Fibonacci.hlsl(18) (on d3d11)
Shader warning in 'LightmapAOIntegration': conversion from larger type 'uint' to smaller type 'min16float', possible loss of data [-Wconversion] at C:/Users/Reegon/Documents/TsukiVox_Unity/Library/PackageCache/com.unity.render-pipelines.core@f43b729f1f6e/ShaderLibrary/Sampling/Fibonacci.hlsl(29) (on d3d11)
Shader warning in 'LightmapAOIntegration': conversion from larger type 'uint' to smaller type 'min16float', possible loss of data [-Wconversion] at C:/Users/Reegon/Documents/TsukiVox_Unity/Library/PackageCache/com.unity.render-pipelines.core@f43b729f1f6e/ShaderLibrary/Sampling/Fibonacci.hlsl(272) (on d3d11)
Shader warning in 'LightmapAOIntegration': conversion from larger type 'uint' to smaller type 'min16float', possible loss of data [-Wconversion] at C:/Users/Reegon/Documents/TsukiVox_Unity/Library/PackageCache/com.unity.render-pipelines.core@f43b729f1f6e/ShaderLibrary/Sampling/Fibonacci.hlsl(279) (on d3d11)
Shader warning in 'LightmapAOIntegration': conversion from larger type 'float' to smaller type 'min16float', possible loss of data [-Wconversion] at C:/Users/Reegon/Documents/TsukiVox_Unity/Library/PackageCache/com.unity.render-pipelines.core@f43b729f1f6e/ShaderLibrary/Sampling/Hammersley.hlsl(25) (on d3d11)
Shader warning in 'LightmapAOIntegration': conversion from larger type 'float3' to smaller type 'min16float3', possible loss of data [-Wconversion] at C:/Users/Reegon/Documents/TsukiVox_Unity/Library/PackageCache/com.unity.render-pipelines.core@f43b729f1f6e/ShaderLibrary/Sampling/Sampling.hlsl(144) (on d3d11)
Shader warning in 'LightmapAOIntegration': conversion from larger type 'float' to smaller type 'min16float', possible loss of data [-Wconversion] at C:/Users/Reegon/Documents/TsukiVox_Unity/Library/PackageCache/com.unity.render-pipelines.core@f43b729f1f6e/ShaderLibrary/Sampling/Sampling.hlsl(316) (on d3d11)
Shader warning in 'LightmapAOIntegration': conversion from larger type 'float' to smaller type 'min16float', possible loss of data [-Wconversion] at C:/Users/Reegon/Documents/TsukiVox_Unity/Library/PackageCache/com.unity.render-pipelines.core@f43b729f1f6e/ShaderLibrary/Sampling/Sampling.hlsl(317) (on d3d11)
Shader warning in 'LightmapAOIntegration': conversion from larger type 'float' to smaller type 'min16float', possible loss of data [-Wconversion] at C:/Users/Reegon/Documents/TsukiVox_Unity/Library/PackageCache/com.unity.render-pipelines.core@f43b729f1f6e/ShaderLibrary/Sampling/Sampling.hlsl(318) (on d3d11)
Refreshing native plugins compatible for Editor in 4.35 ms, found 6 plugins.

Asset Pipeline Refresh (id=a70d906ffc7865d46becc2753553bbed): Total: 14.963 seconds - Initiated by InitialRefreshV2(ForceSynchronousImport)
	(Values over 0.05ms)
	Summary:
		Imports: total=22 (actual=22, local cache=0, cache server=0)
		Asset DB Process Time: managed=4 ms, native=4280 ms
		Asset DB Callback time: managed=165 ms, native=332 ms
		Scripting: domain reloads=1, domain reload time=788 ms, compile time=9351 ms, other=41 ms
		Project Asset Count: scripts=1057, non-scripts=1703
		Asset File Changes: new=0, changed=2, moved=0, deleted=0
		Scan Filter Count: 0
	InvokePackagesCallback: 32.660ms
	ApplyChangesToAssetFolders: 0.687ms
	Scan: 224.229ms
	Collect global state as custom dependencies: 3.526ms
	OnSourceAssetsModified: 0.669ms
	CategorizeScriptCompilationAssets: 20.158ms
	ProcessAssetsWithTransientArtifactChanges: 43.986ms
	CategorizeAssets: 43.637ms
	CompileScripts: 9350.959ms
	ImportOutOfDateAssets: 3847.111ms (2724.785ms without children)
		ImportManagerImport: 1086.277ms (1.958ms without children)
			UpdateCategorizedAssets: 1.171ms
		UnloadImportedAssets: 1.133ms
		ReloadImportedAssets: 18.482ms
		EnsureUptoDateAssetsAreRegisteredWithGuidPM: 0.414ms
		ImportSchedulerStart: 34.425ms
	PostProcessAllAssets: 460.223ms
		ComputeShaderImportPostprocess 197.144ms
		RaytracingShaderImportPostprocess 95.606ms
		XRBuildSystem.XRAssetImported 1.100ms
		PostProcessCallbackCreateDeferredMaterials 0.123ms
		ShaderAssetModifiedCallback 0.058ms
		MonoPostProcessAllAssets: 164.598ms
			AssetPostprocessor.OnPostprocessAllAssets 80.972ms
			AssetCallbacks.OnPostprocessAllAssets 18.076ms
			UniversalRenderPipelineGlobalSettingsPostprocessor.OnPostprocessAllAssets 13.846ms
			StyleCatalogPostProcessor.OnPostprocessAllAssets 12.286ms
			BuilderAssetPostprocessor.OnPostprocessAllAssets 6.502ms
			ShaderGraphAssetPostProcessor.OnPostprocessAllAssets 3.692ms
			AssetChangedListener.OnPostprocessAllAssets 2.691ms
			SpeedTree9Postprocessor.OnPostprocessAllAssets 2.369ms
			WindowAssetPostprocessingWatcher.OnPostprocessAllAssets 1.797ms
			RetainedModeAssetPostprocessor.OnPostprocessAllAssets 1.333ms
			SyncVS.PostprocessSyncProject 1.256ms
			RenderPipelineGlobalSettingsPostprocessor.OnPostprocessAllAssets 1.199ms
			MaterialPostprocessor.OnPostprocessAllAssets 0.842ms
			TextAssetPostProcessor.OnPostprocessAllAssets 0.617ms
			SampleDependencyImporterPostProcessor.OnPostprocessAllAssets 0.541ms
			ArtifactBrowserPostProcessor.OnPostprocessAllAssets 0.498ms
			PostProcessor.OnPostprocessAllAssets 0.482ms
			ReferencedClipsPostProcessor.OnPostprocessAllAssets 0.462ms
			InputActionAssetPostprocessor.OnPostprocessAllAssets 0.460ms
			ShaderReflectionAssetPostProcessor.OnPostprocessAllAssets 0.437ms
			InputActionJsonNameModifierAssetProcessor.OnPostprocessAllAssets 0.344ms
			TMPro_TexturePostProcessor.OnPostprocessAllAssets 0.312ms
			AssetEvents.OnPostprocessAllAssets 0.282ms
			AudioMixerPostprocessor.OnPostprocessAllAssets 0.267ms
			TerrainToolbarOverlayPostProcessor.OnPostprocessAllAssets 0.171ms
			ProjectSettingsPostprocessor.OnPostprocessAllAssets 0.171ms
			SpeedTreePostProcessor.OnPostprocessAllAssets 0.150ms
			AssetDatabaseCallbacks.OnPostprocessAllAssets 0.150ms
			ConfigAssetsTracker.OnPostprocessAllAssets 0.131ms
			ScenarioDriftAssetsTracker.OnPostprocessAllAssets 0.108ms
			AudioContainerPostProcessor.OnPostprocessAllAssets 0.063ms
	PostAssetChangesProfiler: 5.395ms
	UnloadStreamsBegin: 1.679ms
	PersistCurrentRevisions: 0.243ms
	GenerateScriptTypeHashes: 1.890ms
	GenerateScriptTypeSerializationHashes: 3.592ms
	Untracked: 922.507ms

Application.AssetDatabase Initial Refresh End
Scanning for USB devices : 2.791ms
Initializing Unity extensions:
[MODES] ModeService[none].Initialize
[MODES] ModeService[none].LoadModes
[MODES] Loading mode Default (0) for mode-current-id-TsukiVox Quest
Unloading 89 Unused Serialized files (Serialized files now loaded: 0)
Unloading 4288 unused Assets / (15.4 MB). Loaded Objects now: 5150.
Memory consumption went from 388.7 MB to 373.3 MB.
Total: 12.548300 ms (FindLiveObjects: 0.352400 ms CreateObjectMapping: 1.423200 ms MarkObjects: 5.391700 ms  DeleteObjects: 5.374600 ms)

Worker ready: AssetImportWorkerHW0 0
Batchmode quit successfully invoked - shutting down!
Curl error 42: Callback aborted
Killing ADB server in 0.1001827 seconds.
Call to StopSubsystems without an initialized manager.Please make sure wait for initialization to complete before calling this API.
UnityEngine.Debug:ExtractStackTraceNoAlloc (byte*,int,string)
UnityEngine.StackTraceUtility:ExtractStackTrace ()
UnityEngine.DebugLogHandler:Internal_Log (UnityEngine.LogType,UnityEngine.LogOption,string,UnityEngine.Object)
UnityEngine.DebugLogHandler:LogFormat (UnityEngine.LogType,UnityEngine.Object,string,object[])
UnityEngine.Logger:Log (UnityEngine.LogType,object)
UnityEngine.Debug:LogWarning (object)
UnityEngine.XR.Management.XRManagerSettings:StopSubsystems () (at ./Library/PackageCache/com.unity.xr.management@ca5b202bb583/Runtime/XRManagerSettings.cs:415)
UnityEngine.XR.Management.XRManagerSettings:OnDisable () (at ./Library/PackageCache/com.unity.xr.management@ca5b202bb583/Runtime/XRManagerSettings.cs:460)

(Filename: ./Library/PackageCache/com.unity.xr.management@ca5b202bb583/Runtime/XRManagerSettings.cs Line: 415)

[Physics::Module] Cleanup current backend.
[Physics::Module] Id: 0xf2b8ea05
Input System module state changed to: ShutdownInProgress.
Input Polling Thread exited.
Input System module state changed to: Shutdown.
[Licensing::IpcConnector] LicenseClient-Reegon-notifications channel disconnected successfully.
[Licensing::IpcConnector] LicenseClient-Reegon channel disconnected successfully.
AcceleratorClientConnectionCallback - disconnected - :0
Cleanup mono
CodeReloadManager destroyed
Exiting batchmode successfully now!
Exiting without the bug reporter. Application will terminate with return code 0